fua_code,slope,slope_degrees,p_value,mean_annual_change_pct
AL001L1,0.89,41.63,0.0,0.9682
AL003L1,1.33,52.96,0.0,1.7971
AL004L1,0.56,29.2,0.0,0.2818
AL005L0,1.28,51.93,0.0,1.7505
AT001L3,0.12,6.97,0.67,1.1427
AT002L3,0.08,4.84,0.77,-0.3514
AT003L3,0.4,21.71,0.06,0.3808
AT004L3,0.23,13.16,0.05,0.3069
AT005L3,0.42,22.6,0.03,-0.0875
AT006L2,-0.02,-1.42,0.85,-0.2462
BA002L1,0.27,15.28,0.17,1.7316
BE001L2,0.12,6.78,0.62,-1.0195
BE002L2,0.32,17.79,0.13,-0.1852
BE003L2,0.13,7.51,0.55,-0.5908
BE004L2,0.09,5.08,0.58,-0.8172
BE005L2,0.21,11.62,0.29,-0.5771
BE006L2,0.35,19.37,0.17,-0.3715
BE007L2,-0.11,-6.3,0.52,-0.9845
BE008L1,0.4,21.82,0.1,-0.3445
BE009L1,0.28,15.88,0.38,-0.8833
BE010L1,0.11,6.14,0.69,-0.6882
BE011L1,0.33,18.11,0.17,0.0666
BG001L2,0.73,36.32,0.09,1.4284
BG002L2,1.29,52.32,0.0,3.2392
BG003L2,0.87,40.94,0.0,0.6538
BG004L2,1.38,54.13,0.0,2.623
BG005L1,1.39,54.22,0.0,6.0384
BG006L2,1.51,56.45,0.0,5.4523
BG007L2,1.31,52.66,0.01,6.6803
BG008L2,1.47,55.77,0.0,3.4873
BG009L1,1.06,46.75,0.0,1.8464
BG010L1,0.95,43.38,0.01,2.3355
BG011L1,0.99,44.7,0.0,2.3335
BG013L1,1.27,51.87,0.0,5.8049
BG014L1,1.75,60.3,0.0,6.1332
BG015L1,1.25,51.32,0.0,8.5614
BG016L1,1.05,46.37,0.0,1.9461
BG017L1,1.54,56.99,0.0,2.6335
BG018L1,1.11,48.09,0.06,3.472
CH001L2,0.33,18.28,0.0,0.0755
CH002L2,0.36,19.63,0.01,-0.1137
CH003L2,0.45,24.4,0.0,0.071
CH004L2,0.48,25.69,0.0,0.0649
CH005L2,0.38,20.57,0.01,-0.0955
CH006L1,0.23,12.72,0.06,-0.0034
CH007L2,0.41,22.34,0.1,-0.0248
CH008L2,0.32,17.57,0.06,0.1031
CH009L2,0.83,39.7,0.09,0.4589
CH010L1,0.22,12.26,0.06,-0.1911
CY001L2,0.74,36.62,0.01,3.5354
CY501L2,1.07,46.95,0.0,2.6918
CZ001L2,0.39,21.55,0.19,0.3021
CZ002L2,0.18,10.22,0.56,0.7386
CZ003L2,0.82,39.22,0.04,-0.0922
CZ004L2,0.42,22.58,0.18,0.4775
CZ005L2,0.15,8.74,0.5,-0.0914
CZ006L2,0.4,21.97,0.17,0.132
CZ007L2,0.19,10.88,0.46,-0.1075
CZ008L2,0.78,37.9,0.0,1.5326
CZ009L2,0.22,12.53,0.5,0.0446
CZ010L2,0.4,21.69,0.24,0.2392
CZ011L2,0.43,23.04,0.11,0.8096
CZ013L2,0.17,9.74,0.5,-0.5937
CZ014L2,0.53,27.78,0.06,0.0812
CZ016L2,0.51,26.99,0.03,-0.4481
CZ018L2,0.61,31.56,0.03,-0.4027
DE001L1,0.53,28.14,0.01,0.3495
DE002L1,0.17,9.58,0.52,0.0931
DE003L1,0.5,26.38,0.06,-0.3156
DE004L1,0.33,18.07,0.14,-0.5822
DE005L1,0.32,17.92,0.22,-0.4391
DE007L1,0.43,23.39,0.1,-0.3051
DE008L2,0.73,36.03,0.02,1.9753
DE009L2,0.56,29.1,0.02,1.0098
DE011L1,0.33,18.41,0.15,-0.584
DE012L1,0.22,12.25,0.44,0.0569
DE013L1,0.48,25.87,0.11,0.2356
DE014L1,0.57,29.55,0.03,-0.1315
DE017L0,0.29,16.31,0.32,-0.1703
DE018L1,0.89,41.76,0.02,1.4564
DE019L2,0.6,30.81,0.03,0.0427
DE020L1,0.39,21.09,0.22,-0.154
DE021L1,0.46,24.82,0.24,-0.4977
DE025L1,0.56,29.2,0.06,0.3293
DE026L1,0.96,43.73,0.04,-0.7104
DE027L1,0.59,30.59,0.0,0.4458
DE028L1,0.46,24.84,0.08,-0.1139
DE029L0,0.44,23.63,0.08,0.4206
DE030L1,0.3,16.59,0.52,-0.3115
DE031L1,0.23,13.11,0.33,-0.0578
DE032L1,0.36,19.65,0.27,0.1165
DE033L1,0.51,27.1,0.12,-0.6658
DE034L1,0.4,21.71,0.08,-0.3887
DE035L1,0.5,26.46,0.12,-0.6116
DE036L0,0.42,23.0,0.12,-0.4396
DE037L1,0.41,22.49,0.2,-0.9029
DE038L1,0.18,10.08,0.48,-0.611
DE039L1,0.23,13.14,0.39,0.1034
DE040L1,0.85,40.49,0.03,-0.6067
DE042L1,0.53,27.83,0.16,-0.7405
DE043L2,0.24,13.49,0.31,-0.2571
DE044L1,0.51,26.97,0.08,-0.6505
DE045L1,0.09,4.99,0.76,-0.5523
DE048L1,0.21,11.98,0.54,-0.3307
DE050L1,0.52,27.43,0.04,-0.2131
DE051L1,0.48,25.47,0.03,0.0017
DE052L1,0.11,6.29,0.61,-0.1223
DE053L1,0.22,12.46,0.51,-0.5562
DE054L1,0.36,19.64,0.04,-0.2431
DE055L0,0.27,15.02,0.27,-0.2058
DE056L0,0.43,23.45,0.15,-0.0449
DE057L1,0.36,19.77,0.3,-0.5657
DE058L1,0.44,23.95,0.16,-0.0287
DE059L1,0.43,23.11,0.2,-0.5068
DE060L1,0.73,36.24,0.04,0.3787
DE061L1,0.39,21.49,0.22,-0.3642
DE062L1,0.45,24.2,0.18,-0.5365
DE063L1,0.51,27.16,0.12,-0.6278
DE064L1,0.48,25.78,0.05,-0.038
DE065L1,0.14,7.95,0.58,-0.3214
DE066L1,0.93,42.93,0.03,0.1894
DE067L1,0.47,25.27,0.12,0.0822
DE069L1,0.5,26.4,0.07,0.2423
DE071L1,0.35,19.29,0.2,-0.4195
DE072L1,0.44,23.51,0.03,-0.0715
DE073L1,0.45,24.33,0.03,0.1595
DE074L1,0.46,24.66,0.05,0.4251
DE077L1,0.22,12.48,0.37,-0.3046
DE078L1,0.29,16.03,0.18,-0.0434
DE079L1,0.25,13.95,0.52,-0.0367
DE081L1,0.28,15.76,0.12,-0.0441
DE082L0,0.62,31.9,0.08,0.1705
DE083L1,0.35,19.37,0.2,-0.4934
DE084L1,0.59,30.6,0.04,-0.4203
DE504L1,0.33,18.04,0.34,-0.792
DE505L0,0.42,22.58,0.07,-0.1912
DE507L1,0.4,22.0,0.06,-0.1725
DE508L0,0.36,19.81,0.22,-0.564
DE510L1,0.13,7.68,0.69,0.1713
DE513L1,0.37,20.11,0.42,-0.816
DE516L0,0.13,7.44,0.53,-0.521
DE517L1,0.47,25.07,0.25,-0.3109
DE520L1,0.31,17.48,0.39,-0.4862
DE522L1,0.28,15.47,0.31,-0.6327
DE523L1,0.25,13.95,0.49,-0.5488
DE524L2,0.11,6.29,0.69,-0.6596
DE527L1,0.19,10.61,0.57,-0.3503
DE529L1,0.19,10.58,0.48,-0.8195
DE530L0,-0.07,-3.8,0.7,-0.4668
DE532L1,0.51,26.87,0.18,-0.4786
DE533L1,0.3,16.75,0.29,-0.5506
DE534L1,0.47,25.35,0.13,-0.5459
DE535L1,0.76,37.3,0.02,0.1915
DE537L1,0.28,15.49,0.17,-0.2206
DE539L1,0.45,24.1,0.05,0.9004
DE540L2,0.16,8.92,0.6,-0.0006
DE542L1,0.25,13.85,0.49,-0.5063
DE544L1,0.52,27.35,0.06,-0.4675
DE546L0,0.02,1.25,0.91,-0.4574
DE547L2,0.43,23.37,0.1,0.0089
DE548L1,0.16,9.31,0.47,-0.7857
DE549L1,0.41,22.23,0.19,-0.6246
DK001L2,0.03,1.45,0.92,-0.5112
DK002L3,0.12,6.61,0.76,0.9368
DK003L2,0.18,10.38,0.62,0.1557
DK004L3,-0.11,-6.53,0.71,-0.3844
EE001L1,0.05,3.15,0.87,0.3432
EE002L1,0.04,2.06,0.91,0.2346
EE003L0,0.03,1.71,0.93,0.7071
EL001L1,1.26,51.62,0.0,2.3556
EL002L1,1.69,59.41,0.0,8.6853
EL003L1,1.42,54.88,0.0,2.7217
EL004L1,1.17,49.52,0.0,4.0721
EL005L1,1.23,50.96,0.0,5.5856
EL006L1,1.6,57.97,0.0,3.971
EL007L1,1.52,56.59,0.0,1.855
EL008L1,1.48,55.87,0.0,4.0961
EL009L1,1.0,44.93,0.0,1.1404
ES001L3,0.91,42.26,0.0,1.9898
ES002L2,1.15,48.87,0.0,2.4942
ES003L3,0.99,44.66,0.0,3.5004
ES004L3,0.73,36.28,0.0,1.5906
ES005L2,0.72,35.67,0.0,4.493
ES006L2,0.86,40.77,0.01,2.5379
ES007L2,0.73,36.03,0.01,4.8736
ES009L2,1.0,45.03,0.0,5.5808
ES010L2,1.31,52.54,0.0,4.3196
ES011L2,0.83,39.65,0.0,0.8807
ES012L2,0.64,32.52,0.0,0.9408
ES013L2,1.47,55.82,0.0,1.9408
ES014L3,0.97,44.18,0.0,0.8935
ES015L2,0.72,35.69,0.0,0.3855
ES016L2,0.99,44.67,0.0,4.7271
ES017L2,1.22,50.62,0.0,2.7445
ES018L2,1.12,48.24,0.0,6.2997
ES019L3,0.79,38.17,0.0,0.6672
ES020L2,0.94,43.09,0.0,3.2367
ES021L2,0.7,35.09,0.0,15.8881
ES022L2,1.02,45.45,0.0,1.5892
ES023L2,1.44,55.13,0.0,1.7315
ES026L2,0.98,44.32,0.0,1.2416
ES028L1,1.07,46.83,0.0,4.591
ES031L1,1.16,49.28,0.0,0.7713
ES033L1,0.66,33.36,0.0,0.9457
ES034L1,1.27,51.69,0.02,2.9013
ES035L1,0.31,17.25,0.05,3.5257
ES039L1,1.64,58.58,0.0,1.5655
ES040L1,1.53,56.78,0.0,3.6435
ES041L1,0.95,43.5,0.0,4.4991
ES043L1,0.93,42.94,0.0,1.0941
ES044L1,1.05,46.48,0.0,1.658
ES046L1,0.8,38.8,0.0,1.6517
ES048L1,0.97,44.21,0.0,3.3658
ES050L1,1.3,52.4,0.0,3.0369
ES053L1,0.99,44.58,0.0,3.3761
ES054L1,0.88,41.29,0.0,4.8689
ES057L1,1.0,44.95,0.0,1.3056
ES059L1,0.92,42.61,0.0,4.0412
ES070L1,1.0,44.93,0.0,0.6533
ES501L3,0.83,39.83,0.0,2.1203
ES505L1,0.44,23.87,0.05,6.1451
ES506L1,0.45,24.06,0.14,2.8481
ES508L1,0.43,23.25,0.13,0.6396
ES510L1,0.9,41.93,0.01,0.5921
ES514L1,0.53,27.78,0.0,8.3939
ES515L1,0.79,38.15,0.01,3.4521
ES516L1,0.82,39.31,0.0,4.1328
ES519L1,0.66,33.36,0.0,4.1819
ES520L1,1.22,50.72,0.0,3.6614
ES521L1,0.89,41.73,0.0,1.9994
ES522L1,0.73,36.08,0.01,2.2983
ES523L1,1.1,47.63,0.0,1.7838
ES525L1,0.93,43.07,0.0,5.789
ES527L1,0.88,41.25,0.0,2.8439
ES528L1,0.65,33.05,0.0,1.572
ES529L1,1.53,56.8,0.0,2.6777
ES532L1,0.46,24.57,0.01,0.3156
ES533L1,0.85,40.28,0.0,1.3356
ES537L1,1.1,47.69,0.0,4.4574
ES538L1,1.03,45.73,0.0,3.1906
ES542L1,0.92,42.62,0.0,1.9792
ES543L1,1.63,58.45,0.0,4.7901
ES544L1,1.05,46.35,0.0,3.176
ES545L1,0.68,34.04,0.05,3.9669
ES546L1,1.05,46.42,0.01,3.9257
ES547L1,0.78,38.12,0.0,2.6129
ES552L1,1.39,54.29,0.0,4.165
FI001L3,0.05,2.97,0.85,-0.1518
FI002L3,0.61,31.56,0.03,0.7181
FI003L4,0.5,26.64,0.02,1.0252
FI007L2,0.01,0.44,0.97,-0.2243
FI008L2,0.27,15.0,0.23,0.3928
FR001L1,0.61,31.41,0.01,0.2326
FR003L2,0.56,29.13,0.01,0.1977
FR004L2,1.05,46.4,0.0,1.665
FR006L2,0.18,10.29,0.47,-0.4996
FR007L2,0.79,38.42,0.03,0.8198
FR008L2,0.83,39.59,0.0,0.9458
FR009L2,0.45,24.36,0.09,-0.4783
FR010L2,0.95,43.64,0.0,1.3219
FR011L2,0.81,38.93,0.0,0.3122
FR012L2,0.19,10.84,0.47,-0.3238
FR013L2,0.92,42.5,0.02,0.6498
FR014L2,0.24,13.24,0.53,-1.042
FR016L2,0.32,17.64,0.33,-0.5589
FR017L2,0.18,10.17,0.54,-0.9493
FR018L2,0.61,31.21,0.01,-0.4198
FR019L2,0.33,18.21,0.36,1.6877
FR020L2,0.62,31.96,0.03,-0.4245
FR021L2,0.65,33.21,0.01,1.6822
FR022L2,0.56,29.43,0.07,-0.2097
FR023L2,0.54,28.3,0.21,-0.1576
FR024L2,0.96,43.8,0.02,1.9674
FR025L2,0.88,41.28,0.0,0.68
FR026L2,0.62,31.87,0.0,0.2691
FR027L2,0.94,43.25,0.0,0.9014
FR032L2,0.75,36.71,0.0,0.547
FR034L2,0.38,20.58,0.2,-0.5186
FR035L2,0.59,30.6,0.04,0.926
FR036L2,1.0,44.87,0.0,1.7365
FR037L2,1.05,46.4,0.0,0.4982
FR038L2,0.66,33.24,0.03,0.1626
FR039L1,0.67,33.98,0.0,0.9904
FR040L2,0.63,32.01,0.01,0.2817
FR042L2,0.41,22.36,0.1,-0.8192
FR043L2,1.09,47.54,0.0,1.9403
FR044L2,1.0,44.92,0.0,1.7839
FR045L2,1.08,47.26,0.01,0.5877
FR046L2,1.3,52.34,0.01,0.2497
FR047L0,0.58,30.16,0.01,0.2998
FR048L2,0.55,28.79,0.0,0.2925
FR049L2,0.96,43.75,0.0,1.252
FR050L2,0.77,37.64,0.0,-0.0183
FR051L2,0.55,28.73,0.05,0.077
FR052L2,0.8,38.69,0.02,0.7462
FR053L2,0.44,23.53,0.21,5.6012
FR056L2,0.62,31.79,0.03,1.9217
FR057L2,0.36,19.81,0.03,0.0702
FR058L2,0.53,28.1,0.0,0.2657
FR059L2,0.74,36.34,0.02,-0.1726
FR060L2,-0.01,-0.55,0.98,2.7128
FR061L2,0.76,37.19,0.01,3.0007
FR062L2,0.3,16.48,0.19,-0.1277
FR063L2,0.97,43.99,0.0,2.6909
FR064L2,0.2,11.53,0.53,-0.9574
FR065L2,0.1,5.68,0.72,0.1401
FR066L2,0.75,36.89,0.01,0.8091
FR067L2,1.07,47.04,0.0,0.8342
FR068L2,0.88,41.38,0.03,1.1776
FR069L2,0.48,25.69,0.04,0.3913
FR073L2,1.04,46.21,0.01,1.0272
FR074L2,0.73,36.15,0.07,-0.5681
FR076L2,0.7,34.84,0.01,-0.2166
FR077L2,0.73,36.31,0.04,-0.2056
FR079L2,0.37,20.41,0.21,-1.0385
FR082L2,0.11,6.51,0.75,-0.7859
FR084L2,0.72,35.83,0.1,-0.544
FR086L2,0.2,11.22,0.68,1.6946
FR090L2,0.18,9.97,0.67,0.3129
FR093L2,1.29,52.16,0.0,1.0758
FR096L2,1.37,53.94,0.0,0.8222
FR099L2,0.9,42.06,0.0,0.6543
FR104L2,0.53,27.9,0.08,0.3377
FR203L2,0.81,39.02,0.0,0.8904
FR205L2,0.75,36.71,0.0,0.4045
FR207L2,0.55,28.62,0.04,-0.2006
FR208L1,0.6,30.8,0.1,-0.1842
FR209L2,0.49,26.22,0.16,-0.0633
FR214L1,0.51,27.18,0.02,0.0807
FR215L2,0.17,9.79,0.54,0.0156
FR304L1,0.78,37.88,0.02,0.0042
FR324L1,0.52,27.39,0.0,1.4692
FR505L1,0.3,16.5,0.4,-0.5004
FR506L1,0.59,30.46,0.02,0.2514
FR519L1,0.62,32.0,0.0,0.4852
HR001L2,0.87,41.13,0.01,2.3571
HR002L2,-0.16,-9.31,0.35,-0.7228
HR003L2,0.85,40.37,0.04,2.1111
HR004L2,0.21,12.06,0.46,1.8337
HR005L2,1.15,49.0,0.0,1.607
HR006L1,0.74,36.61,0.0,1.2508
HR007L1,1.13,48.54,0.0,2.6421
HU001L2,0.75,37.02,0.01,0.4984
HU002L2,0.56,29.33,0.1,1.7153
HU003L2,0.29,16.3,0.37,1.1903
HU004L2,0.58,30.29,0.16,2.5725
HU005L2,0.29,16.05,0.33,0.7967
HU006L2,0.97,44.08,0.0,6.9753
HU007L2,0.93,42.82,0.0,1.5007
HU008L2,1.32,52.91,0.0,5.7002
HU009L2,0.98,44.37,0.01,1.879
HU010L1,1.06,46.69,0.0,2.3108
HU011L1,0.83,39.73,0.02,11.0138
HU012L1,0.78,37.93,0.01,0.4616
HU013L1,1.1,47.65,0.0,1.7082
HU014L1,0.77,37.67,0.06,5.3865
HU015L1,1.01,45.33,0.0,3.3881
HU016L1,0.45,24.36,0.2,-0.1517
HU017L1,0.79,38.39,0.01,1.8523
HU018L1,1.1,47.74,0.0,0.8221
HU019L1,0.73,36.21,0.0,0.7434
IE001L1,0.94,43.38,0.0,0.5424
IE002L1,0.71,35.46,0.01,0.3884
IE003L1,1.08,47.16,0.01,0.6113
IE004L1,0.86,40.59,0.01,0.8602
IE005L1,0.88,41.5,0.0,0.5269
IT001L3,1.23,50.87,0.0,1.3469
IT002L3,0.81,39.11,0.0,1.9477
IT003L3,0.63,32.23,0.0,0.6337
IT004L2,0.97,44.13,0.0,0.6454
IT005L3,1.22,50.71,0.0,1.344
IT006L3,0.52,27.3,0.09,-0.1488
IT007L3,0.88,41.42,0.0,1.7872
IT008L3,1.51,56.46,0.0,5.8566
IT009L1,0.96,43.83,0.01,6.4089
IT010L2,0.74,36.52,0.0,1.5668
IT011L2,0.65,33.19,0.01,1.0554
IT012L3,0.99,44.79,0.0,2.2888
IT013L3,0.49,25.89,0.14,0.8502
IT014L3,0.65,32.89,0.0,0.6088
IT015L1,0.28,15.86,0.19,-0.3153
IT016L3,1.13,48.49,0.0,1.15
IT017L3,0.89,41.72,0.0,1.8557
IT019L2,1.26,51.63,0.0,2.1674
IT020L3,1.57,57.58,0.0,3.4362
IT021L2,1.32,52.81,0.0,1.6209
IT022L2,1.42,54.84,0.0,4.5496
IT023L2,1.23,50.94,0.0,2.0941
IT024L3,1.06,46.62,0.0,1.6621
IT025L3,1.1,47.61,0.0,2.5656
IT026L3,1.57,57.45,0.0,3.9421
IT027L2,1.19,49.96,0.0,3.0468
IT028L3,0.84,40.19,0.01,2.0772
IT029L3,0.84,39.89,0.01,1.4396
IT030L3,1.04,46.23,0.0,2.7854
IT031L3,1.26,51.48,0.0,3.878
IT032L3,0.92,42.73,0.01,0.7276
IT033L2,0.85,40.23,0.0,1.8514
IT034L1,0.57,29.54,0.0,0.2115
IT035L2,0.2,11.39,0.4,-0.2627
IT036L2,0.55,28.87,0.01,0.5548
IT037L1,1.89,62.15,0.0,7.4694
IT038L1,1.55,57.16,0.0,2.9829
IT039L2,1.25,51.25,0.0,1.622
IT040L2,1.1,47.83,0.0,1.5645
IT041L2,0.96,43.73,0.0,1.8265
IT042L1,0.77,37.67,0.01,0.3901
IT043L2,1.08,47.1,0.01,1.1358
IT045L2,1.07,46.85,0.0,1.0567
IT046L2,0.56,29.16,0.04,1.1569
IT047L1,0.64,32.45,0.0,1.1885
IT048L2,0.77,37.51,0.0,0.6647
IT052L1,0.76,37.31,0.09,-0.0439
IT054L1,1.15,48.95,0.01,12.2702
IT056L1,0.6,30.81,0.0,1.1633
IT057L2,1.25,51.32,0.04,1.3302
IT058L2,0.57,29.64,0.06,-0.3264
IT060L1,1.07,46.93,0.0,1.2526
IT061L0,1.32,52.79,0.03,9.3899
IT064L1,-0.01,-0.61,0.93,-0.3308
IT065L0,1.73,59.97,0.0,6.0703
IT066L1,0.77,37.73,0.01,2.418
IT067L0,1.32,52.88,0.0,2.9988
IT068L1,1.04,46.17,0.0,1.1852
IT069L1,1.28,51.96,0.0,5.161
IT073L1,1.03,45.85,0.0,2.7287
IT501L2,0.88,41.33,0.0,2.0231
IT502L2,0.86,40.73,0.0,3.0592
IT503L3,0.83,39.78,0.01,2.0188
IT504L3,1.04,46.2,0.0,2.4266
IT505L3,1.06,46.65,0.0,2.2714
IT506L2,0.58,30.21,0.04,1.9125
IT507L2,0.74,36.55,0.08,10.1359
IT508L3,1.14,48.79,0.0,1.7752
IT509L3,1.01,45.2,0.0,2.1754
IT511L2,0.99,44.84,0.0,2.6309
IT512L3,0.94,43.18,0.0,1.0947
IT513L3,1.29,52.15,0.0,1.6958
IT514L2,0.94,43.17,0.0,1.8605
IT515L2,1.15,48.94,0.0,1.0251
IT516L2,0.8,38.66,0.12,1.8229
IT518L1,0.93,42.87,0.0,2.3099
IT519L1,1.01,45.4,0.0,1.0652
IT520L1,1.15,49.06,0.0,2.5505
IT521L1,1.31,52.7,0.0,5.7221
IT522L1,1.26,51.46,0.0,8.7031
IT523L1,1.34,53.19,0.01,2.2587
IT524L0,2.04,63.88,0.0,6.23
IT525L0,1.78,60.64,0.0,6.0268
IT526L1,0.76,37.11,0.0,0.4004
LT001L1,0.14,7.87,0.62,0.2817
LT002L1,0.01,0.45,0.98,-0.2178
LT003L1,-0.29,-16.33,0.36,-0.9089
LT004L0,0.41,22.09,0.28,-0.5841
LT501L0,0.12,7.1,0.46,0.7649
LT502L0,-0.1,-5.55,0.72,0.171
LU001L1,0.41,22.31,0.18,-0.5511
LV001L1,-0.06,-3.27,0.82,-0.1039
LV002L2,-0.03,-1.47,0.93,0.4578
LV003L1,-0.41,-22.23,0.22,-0.1954
LV501L1,0.06,3.56,0.87,-0.6065
ME001L1,0.31,17.06,0.13,-0.1112
MK001L1,1.31,52.75,0.0,1.6389
MK003L1,0.94,43.38,0.0,1.0876
MK004L1,0.53,27.84,0.02,0.1124
MK005L1,1.04,46.08,0.0,1.8198
MT001L1,1.02,45.69,0.01,1.4371
NL001L3,0.41,22.3,0.02,0.0679
NL002L3,0.47,25.02,0.03,0.3711
NL003L3,0.33,18.03,0.15,-0.1729
NL004L3,0.61,31.33,0.01,0.3928
NL005L3,0.37,20.06,0.15,-0.3206
NL006L3,0.35,19.37,0.15,-0.2628
NL007L3,0.33,18.52,0.16,0.1882
NL008L3,0.56,29.09,0.11,-0.0486
NL009L3,0.41,22.14,0.2,-0.3609
NL010L3,0.39,21.21,0.11,-0.2062
NL012L3,0.57,29.67,0.06,-0.1403
NL013L3,0.27,14.84,0.3,-0.5084
NL014L3,0.5,26.5,0.1,-0.1141
NL015L3,0.43,23.27,0.01,0.3523
NL016L3,0.27,15.19,0.24,-0.6086
NL020L3,0.46,24.92,0.07,-0.2483
NL026L0,0.46,24.68,0.02,0.252
NL028L3,0.53,28.02,0.04,0.1453
NL030L0,0.14,8.04,0.47,-0.2358
NL032L3,0.47,24.98,0.12,-0.4112
NL503L3,0.46,24.7,0.02,-0.0517
NL504L3,0.39,21.11,0.09,0.019
NL505L3,0.32,17.9,0.26,-0.4816
NL507L3,0.31,17.34,0.07,0.1153
NL511L3,0.58,29.92,0.02,0.2846
NL512L3,0.49,25.88,0.09,-0.3049
NL513L3,0.62,31.65,0.03,0.2377
NL514L3,0.48,25.84,0.02,0.2617
NL515L3,0.28,15.87,0.19,-0.3566
NL519L3,0.49,26.12,0.14,0.0187
NL520L3,0.22,12.52,0.5,0.1741
NL521L3,0.52,27.52,0.05,-0.1937
NL522L3,0.8,38.68,0.07,0.3216
NL524L3,0.4,22.0,0.12,-0.0975
NL529L3,1.05,46.51,0.0,4.183
NO001L1,0.27,15.05,0.15,1.3393
NO002L1,0.56,29.13,0.03,1.1784
NO003L1,1.1,47.75,0.01,4.0361
NO004L1,0.47,25.08,0.05,-0.029
NO005L1,0.38,20.92,0.13,-0.3564
PL001L2,0.5,26.69,0.02,0.8772
PL002L2,0.42,22.95,0.2,0.168
PL003L2,0.15,8.81,0.65,-0.6686
PL004L2,0.58,30.02,0.11,0.1988
PL005L2,0.91,42.38,0.01,0.035
PL006L2,-0.03,-1.79,0.86,0.0594
PL007L2,0.08,4.49,0.74,-0.5204
PL008L2,1.15,48.91,0.0,0.7592
PL009L2,0.08,4.37,0.85,-1.0307
PL010L2,0.71,35.5,0.08,-0.0538
PL011L2,0.53,27.99,0.05,0.3886
PL012L2,0.32,17.54,0.29,-0.1366
PL013L2,0.44,23.67,0.03,0.4009
PL014L2,0.14,7.99,0.42,0.4962
PL015L2,0.1,5.93,0.77,-1.5641
PL016L2,0.43,23.39,0.13,0.5538
PL017L2,0.43,23.47,0.13,0.3959
PL018L2,0.53,27.71,0.04,0.6024
PL019L2,0.09,4.98,0.78,-0.2321
PL020L2,0.52,27.29,0.11,-0.5953
PL021L2,0.32,17.51,0.25,0.821
PL022L2,0.34,18.85,0.3,-0.037
PL024L2,0.77,37.74,0.06,0.2015
PL025L2,0.53,27.74,0.04,0.9791
PL026L2,0.01,0.84,0.97,-0.4085
PL027L2,0.06,3.67,0.88,0.4409
PL028L2,-0.05,-2.9,0.85,0.7694
PL029L1,0.13,7.5,0.55,0.9544
PL030L1,0.67,33.69,0.05,-0.2268
PL031L1,0.8,38.67,0.01,1.0588
PL032L1,0.46,24.85,0.18,0.1027
PL033L1,0.49,26.06,0.07,-0.0444
PL034L1,0.84,40.16,0.02,0.4346
PL035L1,0.22,12.32,0.46,-0.1534
PL036L1,0.67,33.78,0.02,0.3099
PL037L1,0.97,44.04,0.02,0.0282
PL038L1,0.11,6.2,0.76,-0.7103
PL039L1,0.15,8.29,0.71,0.5193
PL040L1,0.28,15.69,0.49,-0.8789
PL041L1,-0.01,-0.51,0.99,-1.4039
PL042L1,0.2,11.35,0.58,-1.0563
PL043L1,0.5,26.51,0.11,0.0807
PL044L1,0.37,20.35,0.3,-0.197
PL045L1,0.57,29.67,0.12,-0.5972
PL046L1,0.66,33.24,0.01,0.076
PL047L1,0.54,28.38,0.11,1.7255
PL048L1,0.55,28.92,0.1,-0.0417
PL049L1,0.31,17.28,0.4,-0.2831
PL051L1,0.34,18.97,0.22,1.9658
PL052L1,0.19,10.56,0.34,0.3923
PL506L2,0.64,32.7,0.19,-0.3806
PL508L1,0.55,28.87,0.17,-0.6618
PL511L2,0.08,4.69,0.85,-0.1214
PL512L2,0.07,4.18,0.72,-0.2445
PL513L2,0.15,8.62,0.58,0.0526
PL514L2,0.49,26.02,0.19,-0.5755
PL516L2,0.45,24.38,0.15,-0.0458
PL517L2,0.17,9.84,0.53,0.4813
PT001L3,0.62,31.81,0.01,0.3808
PT002L2,0.59,30.69,0.0,0.8874
PT003L1,0.55,28.85,0.0,0.8111
PT005L2,0.55,28.87,0.0,0.5892
PT008L2,0.28,15.51,0.08,0.3271
PT009L1,1.03,45.82,0.0,1.8602
PT014L1,1.0,45.1,0.0,1.2661
PT016L0,0.7,34.81,0.0,1.2977
PT019L0,0.38,20.94,0.07,1.3899
PT505L1,0.54,28.36,0.0,1.0488
RO001L1,1.2,50.26,0.0,1.8907
RO002L1,0.5,26.35,0.21,0.6301
RO003L1,0.74,36.69,0.04,11.4824
RO004L1,1.15,48.98,0.04,14.5898
RO005L1,0.69,34.53,0.03,0.6652
RO006L1,0.48,25.59,0.18,1.6217
RO007L1,0.83,39.76,0.12,-0.7816
RO008L1,0.75,36.82,0.08,19.287
RO009L1,0.99,44.6,0.0,1.7877
RO010L1,0.33,18.25,0.29,1.7368
RO011L1,0.52,27.56,0.33,-1.314
RO012L1,0.96,43.96,0.02,3.2749
RO013L1,1.75,60.25,0.0,7.129
RO014L1,0.94,43.2,0.02,6.1216
RO015L1,0.71,35.41,0.08,-0.902
RO016L1,1.94,62.71,0.0,14.1692
RO017L1,0.58,30.24,0.07,0.406
RO018L1,1.53,56.82,0.01,0.3543
RO019L1,1.16,49.18,0.0,35.9005
RO020L1,0.45,24.01,0.23,1.0131
RO021L1,0.6,31.0,0.23,-0.3739
RO022L1,0.84,40.0,0.03,1.5115
RO501L1,0.7,35.15,0.04,1.126
RO502L1,0.66,33.27,0.16,-0.5964
RO503L1,0.26,14.55,0.44,-0.6694
RO504L1,1.6,58.06,0.01,2.4181
RO505L1,1.11,47.98,0.0,2.7374
RO506L1,1.14,48.81,0.02,3.3569
RO507L1,0.81,38.85,0.11,-0.0747
RO508L1,1.32,52.82,0.01,1.0167
RO509L1,0.46,24.72,0.28,2.1961
RO510L1,1.12,48.2,0.04,-0.6804
RO511L1,1.15,48.99,0.03,3.0143
RO512L1,0.9,41.98,0.04,2.4053
RO513L1,1.59,57.85,0.0,2.2652
RS001L1,0.57,29.73,0.0,1.1732
RS002L1,0.82,39.28,0.02,4.0135
RS003L1,0.82,39.46,0.02,0.9077
RS004L1,0.46,24.77,0.17,0.4276
RS005L1,1.23,50.79,0.01,29.1192
RS006L1,0.26,14.59,0.34,-0.3517
RS008L1,0.84,40.15,0.05,4.8687
RS009L1,0.53,27.9,0.07,-0.0652
RS011L0,0.12,6.89,0.7,-0.0119
RS012L1,0.76,37.06,0.01,0.8527
RS013L1,0.64,32.5,0.06,0.9176
RS014L1,0.7,35.08,0.01,1.5821
RS015L1,0.92,42.62,0.01,0.7227
RS016L1,0.38,20.83,0.13,1.6777
SE001L1,-0.01,-0.76,0.92,-0.0529
SE002L1,0.35,19.39,0.09,-0.202
SE003L1,-0.02,-1.31,0.95,-0.8378
SE004L1,0.61,31.36,0.02,0.1107
SE006L1,-0.03,-1.95,0.86,-0.3809
SE007L1,0.06,3.47,0.74,-0.0687
SE008L1,0.17,9.39,0.31,-0.0708
SE501L1,-0.41,-22.1,0.06,-0.769
SE502L1,0.03,1.68,0.8,0.0058
SE503L1,-0.27,-15.19,0.47,-1.1074
SE505L1,0.68,34.34,0.01,-0.0258
SI001L2,0.04,2.13,0.86,-0.4651
SI002L1,0.63,32.41,0.02,0.963
SK001L1,0.34,18.87,0.05,0.848
SK002L1,0.19,10.58,0.59,-0.4097
SK003L1,1.11,48.02,0.01,0.0938
SK004L1,0.71,35.4,0.05,2.2522
SK005L1,0.07,3.85,0.86,-0.9178
SK006L1,0.57,29.71,0.05,-0.0731
SK007L1,0.21,11.71,0.62,1.5978
SK008L1,0.27,15.05,0.09,0.1662
UK001L3,0.49,25.96,0.3,0.3362
UK002L3,0.95,43.47,0.0,1.3382
UK003L2,1.11,48.08,0.0,1.5745
UK004L1,1.05,46.34,0.01,0.101
UK006L3,0.49,25.97,0.01,-0.0433
UK007L1,0.53,27.86,0.05,-0.7739
UK008L3,0.51,27.09,0.0,0.3056
UK009L1,0.78,38.0,0.04,0.1918
UK010L3,0.64,32.66,0.0,0.2427
UK011L2,0.84,39.93,0.0,0.8364
UK012L2,0.74,36.49,0.0,0.525
UK013L2,0.64,32.59,0.03,-0.139
UK014L1,0.53,27.75,0.04,0.236
UK016L1,0.69,34.51,0.01,-0.2563
UK017L2,0.12,6.56,0.83,-1.2754
UK018L3,1.18,49.69,0.0,0.9705
UK019L3,0.45,24.13,0.37,-1.2847
UK023L1,0.41,22.49,0.03,-0.0552
UK024L1,1.07,46.85,0.0,1.9318
UK025L3,0.81,39.11,0.0,0.7957
UK026L1,0.33,18.42,0.32,-0.2245
UK027L1,1.03,45.82,0.0,1.4844
UK029L1,0.92,42.55,0.0,0.5573
UK033L1,0.83,39.59,0.01,-0.0347
UK050L1,0.51,27.21,0.03,0.6017
UK056L1,0.61,31.22,0.05,1.4331
UK515L1,0.83,39.58,0.0,0.3501
UK516L1,0.76,37.17,0.01,0.4136
UK517L1,0.98,44.32,0.01,0.1092
UK518L1,0.79,38.26,0.0,0.4826
UK520L2,0.65,32.99,0.02,-0.2185
UK528L1,0.49,26.19,0.15,-0.0808
UK539L1,0.72,35.85,0.01,1.0179
UK546L1,0.34,18.68,0.42,-0.474
UK550L0,0.47,25.28,0.1,-0.719
UK551L1,0.97,44.11,0.01,0.1294
UK552L0,0.66,33.47,0.06,0.1714
UK553L1,0.6,31.09,0.02,-0.0538
UK557L1,0.62,31.84,0.04,0.1536
UK558L1,0.95,43.6,0.0,1.1059
UK559L2,0.96,43.71,0.0,1.411
UK560L1,0.79,38.46,0.02,1.3033
UK562L2,0.47,25.09,0.01,0.0019
UK566L1,0.53,27.74,0.17,-0.4493
UK568L1,0.63,32.19,0.0,-0.0963
UK569L2,0.29,16.32,0.55,-1.4947
UK571L1,0.77,37.69,0.0,0.6458
XK001L1,0.07,3.78,0.78,-0.8142
XK002L1,0.53,28.09,0.02,2.6991
XK003L1,-0.46,-24.67,0.14,-1.9604
