fua_code,mean_annual_change_pct,p_value,slope,slope_degrees
AL001L1,-0.2793,0.03,-0.22,-12.48
AL003L1,-0.389,0.0,-0.27,-15.33
AL004L1,-0.3999,0.0,-0.27,-14.96
AL005L0,0.026,0.09,-0.12,-6.6
AT001L3,-0.5101,0.01,-0.16,-9.24
AT002L3,1.7135,0.06,0.25,13.88
AT003L3,-0.1886,0.47,-0.06,-3.29
AT004L3,-0.0618,0.36,-0.03,-1.64
AT005L3,-0.2346,0.08,-0.14,-8.2
AT006L2,1.2497,0.0,0.17,9.76
BA001L1,,,,
BA002L1,-0.2333,0.45,-0.15,-8.55
BA003L1,,,,
BA004L1,,,,
BA005L1,,,,
BE001L2,-0.0765,0.02,-0.11,-6.3
BE002L2,0.7345,0.35,0.05,2.6
BE003L2,0.5053,0.94,0.0,0.23
BE004L2,0.419,0.01,-0.2,-11.5
BE005L2,0.1103,0.01,-0.23,-13.05
BE006L2,0.3174,0.56,-0.04,-2.28
BE007L2,1.1022,0.71,-0.03,-1.87
BE008L1,0.182,0.09,-0.16,-9.19
BE009L1,0.7584,0.13,-0.14,-7.89
BE010L1,-0.2259,0.03,-0.29,-16.18
BE011L1,-0.0045,0.19,-0.07,-3.87
BG001L2,-1.7561,0.11,-0.78,-38.09
BG002L2,-1.8207,0.0,-1.1,-47.84
BG003L2,-0.4394,0.01,-0.62,-31.85
BG004L2,-1.7821,0.0,-1.13,-48.61
BG005L1,-2.0512,0.0,-1.36,-53.73
BG006L2,-1.9068,0.0,-1.32,-52.95
BG007L2,-2.7556,0.01,-1.55,-57.11
BG008L2,-2.3173,0.0,-1.41,-54.75
BG009L1,-2.0377,0.0,-1.42,-54.82
BG010L1,-1.126,0.02,-0.98,-44.44
BG011L1,-1.3413,0.0,-0.82,-39.5
BG013L1,-2.0145,0.0,-1.27,-51.74
BG014L1,-2.1162,0.0,-1.04,-46.05
BG015L1,-2.7116,0.0,-1.12,-48.32
BG016L1,-2.3179,0.02,-0.62,-31.69
BG017L1,-2.1611,0.0,-0.73,-36.17
BG018L1,-2.3357,0.03,-1.13,-48.41
CH001L2,0.3933,0.15,-0.07,-4.22
CH002L2,-0.1956,0.31,-0.03,-1.75
CH003L2,-0.0327,0.0,-0.32,-17.71
CH004L2,0.6616,0.57,-0.02,-0.99
CH005L2,-0.2321,0.04,-0.08,-4.77
CH006L1,0.7947,0.87,0.01,0.43
CH007L2,1.4169,0.8,-0.03,-1.54
CH008L2,0.4498,0.33,-0.03,-1.92
CH009L2,-1.0747,0.0,-0.31,-17.09
CH010L1,-0.0069,0.14,-0.07,-3.79
CY001L2,-2.0425,0.02,-0.57,-29.58
CY501L2,-0.5926,0.0,-0.44,-23.51
CZ001L2,-0.2077,0.1,-0.18,-10.17
CZ002L2,-0.9753,0.1,-0.25,-13.89
CZ003L2,-0.4649,0.07,-0.62,-32.0
CZ004L2,-1.1503,0.02,-0.46,-24.62
CZ005L2,-1.1397,0.01,-0.37,-20.35
CZ006L2,-1.1442,0.0,-0.57,-29.81
CZ007L2,0.3749,0.68,0.04,2.5
CZ008L2,-1.0764,0.0,-0.58,-30.33
CZ009L2,-0.4927,0.05,-0.44,-23.57
CZ010L2,-0.75,0.07,-0.34,-18.99
CZ011L2,-1.1394,0.01,-0.35,-19.2
CZ013L2,0.163,0.2,-0.12,-6.67
CZ014L2,-0.7468,0.07,-0.33,-18.32
CZ016L2,-1.0229,0.0,-0.53,-27.98
CZ018L2,-0.9892,0.0,-0.56,-29.08
DE001L1,-0.6107,0.01,-0.17,-9.4
DE002L1,0.1902,0.37,-0.06,-3.24
DE003L1,0.3215,0.05,-0.31,-17.46
DE004L1,0.5249,0.1,-0.17,-9.79
DE005L1,0.0891,0.05,-0.2,-11.19
DE007L1,0.7801,0.14,-0.15,-8.57
DE008L2,-1.1989,0.0,-0.38,-20.83
DE009L2,-1.2768,0.0,-0.33,-18.49
DE011L1,0.7781,0.2,-0.12,-6.95
DE012L1,-0.2738,0.19,-0.11,-6.06
DE013L1,-0.784,0.02,-0.3,-16.44
DE014L1,0.6033,0.32,-0.1,-5.91
DE017L0,0.1763,0.16,-0.15,-8.27
DE018L1,-1.176,0.0,-0.64,-32.67
DE019L2,-0.7168,0.01,-0.64,-32.71
DE020L1,0.1172,0.02,-0.19,-10.69
DE021L1,0.5614,0.3,-0.23,-13.17
DE025L1,-0.3229,0.04,-0.18,-9.95
DE026L1,0.7951,0.01,-0.5,-26.71
DE027L1,-0.1296,0.04,-0.18,-10.46
DE028L1,-0.2449,0.02,-0.24,-13.5
DE029L0,-1.9508,0.0,-0.53,-28.13
DE030L1,-0.3089,0.02,-0.36,-19.78
DE031L1,-0.6685,0.01,-0.2,-11.35
DE032L1,-0.637,0.02,-0.56,-29.16
DE033L1,1.4,0.26,-0.22,-12.15
DE034L1,0.3475,0.04,-0.16,-9.05
DE035L1,0.8081,0.05,-0.21,-11.99
DE036L0,0.6874,0.08,-0.15,-8.53
DE037L1,-0.415,0.0,-0.27,-14.85
DE038L1,0.7078,0.3,-0.1,-5.97
DE039L1,0.0834,0.07,-0.11,-6.32
DE040L1,0.7655,0.02,-0.58,-30.03
DE042L1,0.3487,0.07,-0.33,-18.07
DE043L2,-0.4669,0.0,-0.19,-10.76
DE044L1,1.5692,0.18,-0.12,-6.89
DE045L1,0.7924,0.54,-0.07,-4.11
DE048L1,0.3768,0.74,-0.06,-3.21
DE050L1,1.0187,0.16,-0.14,-8.23
DE051L1,0.8814,0.81,0.01,0.72
DE052L1,-0.0717,0.06,-0.19,-11.02
DE053L1,0.5254,0.41,-0.1,-5.85
DE054L1,0.8564,0.72,-0.03,-1.62
DE055L0,-0.0909,0.05,-0.15,-8.62
DE056L0,-1.0733,0.01,-0.63,-32.05
DE057L1,0.6206,0.07,-0.26,-14.59
DE058L1,-0.217,0.22,-0.17,-9.44
DE059L1,0.6089,0.31,-0.15,-8.45
DE060L1,-0.406,0.09,-0.28,-15.84
DE061L1,0.5184,0.18,-0.17,-9.87
DE062L1,0.4878,0.18,-0.26,-14.46
DE063L1,0.6577,0.06,-0.36,-19.57
DE064L1,-1.0899,0.01,-0.43,-23.23
DE065L1,0.8851,0.66,-0.07,-4.28
DE066L1,1.1243,0.74,-0.06,-3.25
DE067L1,0.4337,0.56,-0.07,-4.06
DE069L1,0.3447,0.67,-0.05,-2.75
DE071L1,-0.7611,0.03,-0.3,-16.83
DE072L1,1.0049,0.98,0.0,0.1
DE073L1,0.0222,0.02,-0.21,-11.81
DE074L1,-0.5244,0.01,-0.22,-12.42
DE077L1,0.4251,0.21,-0.26,-14.37
DE078L1,-1.022,0.01,-0.36,-19.69
DE079L1,0.1783,0.14,-0.16,-9.34
DE081L1,0.0466,0.32,-0.08,-4.5
DE082L0,-1.3041,0.0,-0.72,-35.88
DE083L1,-0.0073,0.06,-0.25,-13.82
DE084L1,0.7748,0.04,-0.29,-16.39
DE504L1,0.9569,0.59,-0.06,-3.4
DE505L0,-0.5661,0.02,-0.28,-15.41
DE507L1,0.638,0.08,-0.17,-9.5
DE508L0,0.8004,0.29,-0.08,-4.67
DE510L1,0.1654,0.11,-0.08,-4.49
DE513L1,0.4094,0.41,-0.24,-13.73
DE516L0,0.8625,0.31,-0.07,-3.89
DE517L1,-0.0956,0.14,-0.36,-19.9
DE520L1,0.4984,0.28,-0.15,-8.59
DE522L1,0.6866,0.03,-0.29,-16.43
DE523L1,-0.1154,0.15,-0.19,-10.88
DE524L2,0.3762,0.19,-0.27,-15.05
DE527L1,0.2498,0.79,-0.03,-1.47
DE529L1,1.0874,0.48,-0.08,-4.35
DE530L0,1.2043,0.74,0.02,1.04
DE532L1,1.1087,0.26,-0.17,-9.53
DE533L1,1.4706,0.21,-0.12,-7.06
DE534L1,1.1139,0.4,-0.1,-5.89
DE535L1,-0.3982,0.0,-0.45,-24.28
DE537L1,0.628,0.25,-0.06,-3.41
DE539L1,-1.3392,0.0,-0.28,-15.4
DE540L2,-0.2768,0.66,-0.04,-2.31
DE542L1,-0.557,0.05,-0.27,-14.92
DE544L1,0.3425,0.01,-0.32,-17.9
DE546L0,0.7944,0.72,-0.02,-1.27
DE547L2,-0.2978,0.01,-0.3,-16.63
DE548L1,0.7046,0.03,-0.17,-9.49
DE549L1,1.3976,0.73,-0.04,-2.07
DK001L2,0.3456,0.18,0.09,5.07
DK002L3,-0.3654,0.12,-0.08,-4.56
DK003L2,-0.2172,0.03,-0.16,-8.82
DK004L3,-0.1756,0.18,-0.09,-4.93
EE001L1,-0.3599,0.68,-0.07,-4.13
EE002L1,-0.0817,0.91,0.02,1.15
EE003L0,-0.9205,0.19,-0.28,-15.46
EL001L1,-0.9247,0.0,-0.64,-32.62
EL002L1,-0.9949,0.0,-0.98,-44.29
EL003L1,-0.36,0.0,-0.29,-16.05
EL004L1,-0.1274,0.15,-0.12,-6.84
EL005L1,-1.5129,0.0,-1.45,-55.32
EL006L1,-0.3998,0.0,-0.53,-27.78
EL007L1,-0.323,0.0,-0.2,-11.4
EL008L1,-0.7169,0.46,-0.09,-4.95
EL009L1,0.8947,0.0,0.32,17.82
ES001L3,-1.1047,0.0,-0.61,-31.51
ES002L2,-1.0046,0.0,-0.72,-35.77
ES003L3,-1.1228,0.0,-0.54,-28.51
ES004L3,-0.8335,0.0,-0.48,-25.7
ES005L2,-1.1818,0.0,-0.57,-29.88
ES006L2,-0.8228,0.0,-0.44,-23.62
ES007L2,-1.6036,0.04,-0.31,-17.12
ES008L2,-0.7156,0.13,-0.22,-12.32
ES009L2,-1.5423,0.0,-1.06,-46.57
ES010L2,-1.0056,0.0,-0.62,-31.6
ES011L2,0.4109,0.35,0.06,3.34
ES012L2,-1.2066,0.0,-0.77,-37.75
ES013L2,0.0828,0.05,-0.27,-14.91
ES014L3,-0.8209,0.0,-0.41,-22.41
ES015L2,-0.3173,0.0,-0.28,-15.85
ES016L2,-1.444,0.0,-0.74,-36.65
ES017L2,-1.2653,0.0,-0.92,-42.47
ES018L2,-1.897,0.0,-0.82,-39.29
ES019L3,-0.6582,0.0,-0.45,-24.02
ES020L2,-1.3362,0.0,-0.77,-37.63
ES021L2,-1.9951,0.0,-0.84,-40.06
ES022L2,0.0672,0.97,-0.0,-0.13
ES023L2,-0.0553,0.01,-0.35,-19.14
ES025L3,1.4294,0.2,0.26,14.37
ES026L2,-0.182,0.72,-0.02,-1.1
ES028L1,-0.5232,0.01,-0.25,-13.81
ES031L1,0.2424,0.77,0.03,1.72
ES033L1,-0.9772,0.0,-0.34,-18.75
ES034L1,-1.2114,0.0,-0.82,-39.23
ES035L1,-1.5081,0.0,-0.68,-34.02
ES039L1,-0.8518,0.0,-0.65,-32.96
ES040L1,-0.9082,0.0,-0.48,-25.54
ES041L1,-0.6116,0.01,-0.34,-18.72
ES043L1,-0.0899,0.65,0.04,2.13
ES044L1,0.4843,0.0,0.21,11.7
ES046L1,0.1547,0.4,0.05,3.15
ES048L1,-1.044,0.0,-0.66,-33.28
ES050L1,-0.1741,0.05,-0.19,-10.88
ES053L1,-1.0594,0.0,-0.74,-36.38
ES054L1,-1.0484,0.0,-0.35,-19.15
ES057L1,-0.5772,0.0,-0.22,-12.52
ES059L1,-1.5764,0.0,-1.02,-45.7
ES070L1,-0.5213,0.0,-0.43,-23.44
ES072L1,0.0571,0.52,-0.13,-7.58
ES501L3,-0.8556,0.0,-0.59,-30.72
ES505L1,-1.6644,0.0,-0.57,-29.48
ES506L1,-0.8871,0.13,-0.24,-13.46
ES508L1,-0.929,0.0,-0.49,-26.12
ES510L1,-0.4626,0.0,-0.35,-19.41
ES514L1,-2.0302,0.0,-1.25,-51.29
ES515L1,-0.6803,0.0,-0.5,-26.74
ES516L1,-0.8791,0.0,-0.76,-37.09
ES519L1,-1.5199,0.0,-0.79,-38.19
ES520L1,-0.0883,0.4,0.07,3.91
ES521L1,-0.6182,0.0,-0.39,-21.53
ES522L1,-0.861,0.0,-0.56,-29.3
ES523L1,-0.7829,0.0,-0.42,-22.72
ES525L1,-0.5427,0.0,-0.29,-16.13
ES527L1,0.0304,0.67,-0.04,-2.13
ES528L1,-0.6582,0.05,-0.21,-11.99
ES529L1,-1.1345,0.02,-0.29,-16.4
ES532L1,-0.693,0.0,-0.4,-21.57
ES533L1,-0.1563,0.08,-0.08,-4.68
ES537L1,-0.5504,0.0,-0.28,-15.57
ES538L1,-0.9238,0.0,-0.62,-31.97
ES542L1,-1.8698,0.0,-1.12,-48.33
ES543L1,-1.1732,0.0,-0.55,-28.96
ES544L1,-0.4945,0.01,-0.32,-17.54
ES545L1,-2.079,0.02,-0.55,-28.74
ES546L1,-2.2489,0.0,-1.28,-51.92
ES547L1,-0.0359,0.01,0.24,13.73
ES550L1,1.1862,0.43,-0.22,-12.52
ES552L1,-1.0718,0.0,-0.62,-31.75
FI001L3,0.5856,0.52,0.08,4.32
FI002L3,-0.4963,0.55,-0.05,-3.07
FI003L4,-0.6983,0.71,-0.05,-2.66
FI004L4,0.9592,0.14,-0.26,-14.5
FI007L2,1.2154,0.09,0.1,5.89
FI008L2,2.0357,0.06,0.16,9.33
FI009L2,1.3786,0.35,0.09,5.31
FR001L1,-0.2134,0.02,-0.34,-18.96
FR003L2,-0.4537,0.0,-0.24,-13.65
FR004L2,-1.2918,0.0,-0.78,-38.13
FR006L2,-0.192,0.0,-0.24,-13.41
FR007L2,-0.7408,0.0,-0.42,-22.96
FR008L2,-1.0976,0.0,-0.48,-25.81
FR009L2,-0.5532,0.0,-0.36,-20.01
FR010L2,-0.7462,0.0,-0.32,-17.64
FR011L2,-1.2573,0.0,-0.36,-19.87
FR012L2,-0.5646,0.0,-0.44,-23.54
FR013L2,-1.6197,0.0,-0.77,-37.74
FR014L2,-0.5202,0.02,-0.43,-23.24
FR016L2,-0.4234,0.0,-0.76,-37.21
FR017L2,0.261,0.0,-0.66,-33.32
FR018L2,0.0322,0.01,-0.67,-33.9
FR019L2,-1.2845,0.12,-0.48,-25.75
FR020L2,-0.8045,0.0,-0.81,-39.03
FR021L2,-1.7663,0.0,-0.64,-32.67
FR022L2,-0.3419,0.0,-0.6,-31.17
FR023L2,-1.438,0.0,-0.87,-40.88
FR024L2,-1.1788,0.0,-0.79,-38.41
FR025L2,-1.0382,0.0,-0.63,-32.04
FR026L2,-0.7648,0.0,-0.42,-22.89
FR027L2,-0.7158,0.11,-0.14,-8.1
FR032L2,-0.4414,0.0,-0.13,-7.45
FR034L2,0.2989,0.02,-0.24,-13.39
FR035L2,-1.1196,0.0,-0.68,-34.05
FR036L2,-1.2694,0.0,-0.49,-26.3
FR037L2,-0.7699,0.0,-0.73,-35.96
FR038L2,-0.9384,0.0,-0.6,-30.87
FR039L1,-0.7236,0.0,-0.22,-12.32
FR040L2,-0.6309,0.0,-0.49,-25.9
FR042L2,-1.1746,0.0,-0.55,-28.69
FR043L2,-0.4201,0.01,-0.28,-15.66
FR044L2,-0.7784,0.0,-0.39,-21.34
FR045L2,-1.5506,0.0,-0.74,-36.55
FR046L2,-0.9667,0.0,-0.69,-34.47
FR047L0,-0.5275,0.02,-0.15,-8.48
FR048L2,-0.5471,0.01,-0.19,-10.93
FR049L2,-1.177,0.0,-0.62,-31.72
FR050L2,-0.7208,0.0,-0.58,-30.19
FR051L2,-0.5257,0.0,-0.77,-37.51
FR052L2,-0.7073,0.0,-0.36,-19.89
FR053L2,-1.8272,0.0,-0.89,-41.59
FR056L2,-1.6482,0.0,-0.6,-31.14
FR057L2,-0.2192,0.01,-0.22,-12.64
FR058L2,-0.5071,0.0,-0.21,-11.81
FR059L2,-1.1267,0.0,-0.79,-38.32
FR060L2,-1.5208,0.01,-0.82,-39.46
FR061L2,-2.1717,0.0,-0.83,-39.83
FR062L2,-0.4823,0.0,-0.34,-19.02
FR063L2,-0.7868,0.0,-0.32,-17.52
FR064L2,-0.8701,0.0,-0.44,-23.54
FR065L2,-0.9729,0.01,-0.59,-30.34
FR066L2,-1.3885,0.0,-0.47,-25.05
FR067L2,-1.5892,0.0,-0.67,-33.74
FR068L2,-1.6135,0.17,-0.51,-26.97
FR069L2,-0.8128,0.0,-0.57,-29.68
FR073L2,-1.38,0.0,-0.69,-34.63
FR074L2,-0.2246,0.0,-0.61,-31.17
FR076L2,-0.7051,0.0,-0.58,-30.24
FR077L2,-1.1937,0.0,-0.49,-26.14
FR079L2,-0.6892,0.0,-0.59,-30.68
FR082L2,-0.5027,0.02,-0.37,-20.1
FR084L2,-0.1831,0.0,-0.68,-34.11
FR086L2,-1.2272,0.01,-0.68,-34.07
FR090L2,-0.4271,0.04,-0.5,-26.54
FR093L2,-1.0614,0.0,-0.78,-38.12
FR096L2,-0.7586,0.0,-0.63,-32.39
FR099L2,-0.2542,0.0,-0.07,-3.81
FR104L2,-0.5116,0.0,-0.67,-33.99
FR203L2,-0.4741,0.0,-0.16,-8.93
FR205L2,-0.5837,0.0,-0.14,-7.88
FR207L2,-0.9308,0.0,-0.33,-18.15
FR208L1,-1.0829,0.0,-0.44,-23.74
FR209L2,-1.1329,0.0,-0.5,-26.34
FR214L1,-0.1075,0.0,-0.21,-11.81
FR215L2,-0.5553,0.01,-0.48,-25.64
FR304L1,-0.592,0.0,-0.38,-21.06
FR324L1,-0.2992,0.01,-0.06,-3.45
FR505L1,-0.5803,0.0,-0.46,-24.56
FR506L1,-0.8189,0.0,-0.45,-24.45
FR519L1,-0.4247,0.0,-0.08,-4.62
HR001L2,-1.6837,0.0,-0.27,-14.89
HR002L2,-0.4083,0.0,-0.3,-16.64
HR003L2,-1.7888,0.0,-0.72,-35.77
HR004L2,-2.0003,0.05,-0.67,-33.79
HR005L2,-1.0136,0.0,-0.49,-25.95
HR006L1,-0.9559,0.0,-0.31,-17.29
HR007L1,-0.289,0.05,-0.22,-12.52
HU001L2,-0.4594,0.0,-0.32,-17.54
HU002L2,-1.5981,0.0,-0.75,-37.04
HU003L2,-1.1309,0.0,-0.42,-22.57
HU004L2,-1.3984,0.02,-0.52,-27.55
HU005L2,-0.3321,0.01,-0.62,-31.85
HU006L2,-1.1334,0.04,-0.32,-17.94
HU007L2,-0.9337,0.0,-0.48,-25.85
HU008L2,-1.2789,0.0,-0.55,-28.61
HU009L2,-1.836,0.0,-0.99,-44.76
HU010L1,-0.2873,0.0,-0.52,-27.56
HU011L1,-2.0282,0.01,-0.81,-39.05
HU012L1,-1.1972,0.0,-0.79,-38.33
HU013L1,-1.9116,0.0,-1.05,-46.38
HU014L1,-1.119,0.0,-0.57,-29.86
HU015L1,-1.7969,0.0,-0.73,-36.15
HU016L1,0.1473,0.09,-0.33,-18.15
HU017L1,0.264,0.05,-0.24,-13.4
HU018L1,-1.055,0.0,-0.71,-35.23
HU019L1,-0.8943,0.0,-0.49,-26.18
IE001L1,-0.2098,0.0,-0.51,-26.88
IE002L1,-0.941,0.19,-0.29,-16.17
IE003L1,-1.0926,0.0,-0.75,-36.73
IE004L1,-0.7311,0.04,-0.3,-16.64
IE005L1,-1.3294,0.01,-0.65,-32.9
IS001L1,1.29,0.1,0.13,7.14
IT001L3,-0.8078,0.0,-0.62,-31.79
IT002L3,-0.9901,0.0,-0.4,-21.69
IT003L3,-0.3516,0.0,-0.33,-18.37
IT004L2,-0.8401,0.0,-0.68,-34.12
IT005L3,-0.8441,0.0,-0.46,-24.65
IT006L3,-0.4711,0.0,-0.41,-22.47
IT007L3,-1.0088,0.0,-0.5,-26.7
IT008L3,-0.8226,0.0,-0.47,-25.19
IT009L1,-2.1685,0.0,-0.58,-30.08
IT010L2,-0.9249,0.0,-0.46,-24.93
IT011L2,-0.6805,0.0,-0.34,-18.92
IT012L3,-1.4066,0.0,-0.47,-25.4
IT013L3,-0.6918,0.01,-0.22,-12.65
IT014L3,-0.6901,0.0,-0.16,-9.32
IT015L1,-0.2971,0.01,-0.17,-9.5
IT016L3,-0.6996,0.0,-0.54,-28.35
IT017L3,-0.7364,0.0,-0.38,-20.83
IT019L2,-0.4792,0.0,-0.31,-17.29
IT020L3,-1.1326,0.0,-0.43,-23.5
IT021L2,-0.4654,0.0,-0.27,-14.9
IT022L2,-1.2754,0.0,-0.74,-36.39
IT023L2,-1.1517,0.0,-0.38,-20.96
IT024L3,-0.8869,0.0,-0.36,-20.0
IT025L3,-0.9463,0.0,-0.45,-24.18
IT026L3,-0.8002,0.0,-0.37,-20.52
IT027L2,-1.2558,0.0,-0.97,-44.07
IT028L3,-2.0164,0.0,-0.43,-23.24
IT029L3,-1.7204,0.0,-0.38,-20.87
IT030L3,-1.2904,0.0,-0.38,-20.61
IT031L3,-1.2986,0.0,-0.75,-36.85
IT032L3,-0.4378,0.0,-0.32,-17.55
IT033L2,-0.6122,0.0,-0.51,-26.9
IT034L1,-0.5238,0.0,-0.19,-10.49
IT035L2,-0.8306,0.0,-0.29,-16.31
IT036L2,-0.5358,0.0,-0.2,-11.24
IT037L1,-1.9134,0.0,-0.67,-34.01
IT038L1,-0.9672,0.0,-0.65,-33.02
IT039L2,-0.4123,0.0,-0.37,-20.47
IT040L2,-0.9474,0.0,-0.26,-14.45
IT041L2,-1.2586,0.0,-0.42,-22.6
IT042L1,-0.1656,0.0,-0.27,-15.05
IT043L2,-0.3037,0.01,-0.16,-9.08
IT045L2,-1.2243,0.0,-0.41,-22.37
IT046L2,-1.279,0.0,-0.32,-17.94
IT047L1,-1.289,0.0,-0.42,-22.76
IT048L2,-0.9381,0.0,-0.36,-19.82
IT052L1,-0.7462,0.0,-0.62,-31.99
IT054L1,-2.0936,0.0,-1.01,-45.31
IT056L1,-0.2985,0.01,-0.09,-5.33
IT057L2,-0.6669,0.15,-0.7,-34.9
IT058L2,-0.2857,0.0,-0.24,-13.35
IT060L1,-1.2236,0.0,-0.41,-22.28
IT061L0,-0.8377,0.0,-0.53,-27.86
IT064L1,-0.8982,0.0,-0.49,-26.2
IT065L0,-0.4565,0.0,-0.46,-24.75
IT066L1,-0.9274,0.0,-0.34,-18.78
IT067L0,-0.6454,0.0,-0.46,-24.53
IT068L1,-0.4712,0.0,-0.22,-12.15
IT069L1,-0.6626,0.01,-0.41,-22.37
IT073L1,-1.1309,0.0,-0.36,-19.83
IT501L2,-0.5967,0.0,-0.31,-17.02
IT502L2,-1.0755,0.0,-0.51,-27.0
IT503L3,-0.316,0.01,-0.25,-13.89
IT504L3,-0.9295,0.0,-0.55,-28.69
IT505L3,-1.0566,0.0,-0.3,-16.88
IT506L2,-1.4105,0.0,-0.49,-25.94
IT507L2,-1.9728,0.0,-0.45,-24.42
IT508L3,-0.602,0.03,-0.21,-11.6
IT509L3,-0.7064,0.0,-0.31,-17.36
IT511L2,-1.5453,0.0,-0.34,-18.62
IT512L3,-1.0148,0.0,-0.33,-18.02
IT513L3,-1.0554,0.0,-0.57,-29.58
IT514L2,-1.2569,0.0,-0.46,-24.73
IT515L2,-0.8723,0.0,-0.62,-31.63
IT516L2,-0.5272,0.0,-0.39,-21.18
IT518L1,-0.3647,0.04,-0.21,-11.86
IT519L1,-0.8282,0.0,-0.37,-20.52
IT520L1,-1.1507,0.0,-0.82,-39.21
IT521L1,-1.1144,0.0,-0.55,-28.95
IT522L1,-0.9208,0.0,-0.43,-23.41
IT523L1,-0.4151,0.0,-0.31,-17.26
IT524L0,-1.1847,0.0,-0.93,-42.87
IT525L0,-0.5428,0.01,-0.27,-15.35
IT526L1,0.129,0.01,-0.25,-14.12
LT001L1,-0.402,0.63,0.06,3.35
LT002L1,0.5684,0.6,0.08,4.39
LT003L1,-0.1044,0.45,-0.08,-4.34
LT004L0,0.3231,0.62,-0.08,-4.68
LT501L0,0.0514,0.97,-0.0,-0.2
LT502L0,-0.146,0.45,-0.14,-7.93
LU001L1,0.2134,0.06,-0.18,-10.04
LV001L1,0.553,0.11,0.26,14.62
LV002L2,-0.3832,0.95,0.01,0.53
LV003L1,1.1519,0.06,0.24,13.61
LV501L1,1.3178,0.96,0.01,0.67
ME001L1,-1.4288,0.0,-0.81,-38.99
MK001L1,-0.9054,0.0,-1.02,-45.56
MK003L1,-1.3471,0.01,-0.65,-32.95
MK004L1,-0.2326,0.03,-0.24,-13.23
MK005L1,-1.4879,0.0,-0.88,-41.23
MT001L1,-0.1984,0.08,-0.14,-7.95
NL001L3,-0.5389,0.0,-0.24,-13.74
NL002L3,-0.4674,0.01,-0.18,-10.3
NL003L3,-0.3039,0.01,-0.16,-9.24
NL004L3,-0.1901,0.1,-0.18,-10.01
NL005L3,1.007,0.57,-0.04,-2.3
NL006L3,0.4214,0.58,-0.05,-2.58
NL007L3,0.6016,0.13,-0.2,-11.36
NL008L3,1.7019,0.56,-0.07,-4.2
NL009L3,0.8262,0.28,-0.11,-6.34
NL010L3,0.5699,0.07,-0.14,-8.2
NL012L3,-0.2013,0.08,-0.18,-10.16
NL013L3,1.4759,0.97,0.0,0.18
NL014L3,1.5816,0.68,-0.05,-3.04
NL015L3,0.3552,0.21,-0.06,-3.57
NL016L3,0.5894,0.09,-0.1,-5.77
NL020L3,0.7137,0.3,-0.09,-5.35
NL026L0,0.1823,0.2,-0.11,-6.37
NL028L3,1.637,0.26,0.09,5.34
NL030L0,0.1751,0.35,-0.06,-3.16
NL032L3,1.5711,0.22,0.07,4.14
NL503L3,0.6935,0.43,-0.04,-2.15
NL504L3,-0.288,0.01,-0.3,-16.8
NL505L3,0.8226,0.78,-0.02,-1.01
NL507L3,-0.2907,0.03,-0.14,-7.81
NL511L3,2.2542,0.85,0.02,1.05
NL512L3,0.8709,0.33,-0.11,-6.27
NL513L3,1.8069,0.59,-0.08,-4.33
NL514L3,-0.6036,0.0,-0.15,-8.26
NL515L3,1.3215,0.83,-0.02,-0.91
NL519L3,2.2935,0.52,-0.08,-4.8
NL520L3,-1.1662,0.01,-0.31,-17.38
NL521L3,1.6924,0.68,-0.03,-1.71
NL522L3,0.5541,0.05,-0.43,-23.18
NL524L3,0.6333,0.15,-0.14,-7.86
NL529L3,-1.4622,0.02,-0.21,-11.84
NO001L1,-1.5412,0.78,-0.02,-1.29
NO002L1,-2.2005,0.04,-0.21,-11.62
NO003L1,-1.5001,0.75,0.04,2.4
NO004L1,-0.256,0.06,-0.24,-13.23
NO005L1,1.1163,0.79,0.02,1.25
NO006L1,-1.3079,0.04,-0.26,-14.44
PL001L2,0.1872,0.94,-0.01,-0.57
PL002L2,-0.1135,0.67,-0.06,-3.51
PL003L2,1.3611,0.6,0.11,5.99
PL004L2,-0.2864,0.06,-0.63,-32.22
PL005L2,0.221,0.01,-0.54,-28.28
PL006L2,-0.2952,0.88,0.01,0.55
PL007L2,-0.067,0.22,-0.12,-6.8
PL008L2,-0.8147,0.01,-0.54,-28.46
PL009L2,0.929,0.25,-0.23,-12.74
PL010L2,0.5876,0.23,-0.4,-21.62
PL011L2,-0.1405,0.08,-0.33,-18.39
PL012L2,0.7414,0.86,0.02,1.39
PL013L2,-1.0427,0.02,-0.35,-19.5
PL014L2,-0.4216,0.34,0.07,4.06
PL015L2,2.3947,0.26,0.14,7.75
PL016L2,-0.2083,0.42,-0.08,-4.4
PL017L2,-0.9414,0.07,-0.24,-13.46
PL018L2,1.0068,0.09,0.15,8.8
PL019L2,0.6775,0.86,-0.02,-1.29
PL020L2,1.5364,0.76,-0.03,-1.53
PL021L2,-0.7969,0.49,-0.11,-6.53
PL022L2,-0.2974,0.18,-0.18,-10.13
PL024L2,0.3674,0.24,-0.27,-14.89
PL025L2,-0.196,0.3,-0.14,-7.93
PL026L2,-0.5531,0.33,-0.17,-9.78
PL027L2,0.3505,0.87,0.03,1.43
PL028L2,-1.0509,0.51,-0.07,-3.94
PL029L1,-0.2762,0.51,0.07,3.95
PL030L1,0.267,0.15,-0.3,-16.49
PL031L1,-0.6153,0.06,-0.49,-26.29
PL032L1,1.7612,0.4,-0.16,-9.01
PL033L1,-0.5018,0.03,-0.35,-19.05
PL034L1,0.2452,0.23,-0.34,-18.89
PL035L1,-0.6092,0.16,-0.18,-10.13
PL036L1,-0.2325,0.1,-0.38,-20.86
PL037L1,-0.8795,0.0,-0.6,-31.07
PL038L1,-0.9813,0.02,-0.47,-24.96
PL039L1,0.176,0.93,-0.01,-0.74
PL040L1,2.0837,0.32,-0.23,-12.96
PL041L1,2.2448,0.63,-0.15,-8.47
PL042L1,0.7838,0.27,-0.26,-14.54
PL043L1,-0.2632,0.25,-0.19,-10.7
PL044L1,-1.3196,0.01,-0.4,-21.76
PL045L1,1.3825,0.95,-0.01,-0.74
PL046L1,2.393,0.93,0.02,1.08
PL047L1,-1.1389,0.37,-0.2,-11.32
PL048L1,0.3422,0.14,-0.26,-14.57
PL049L1,0.502,0.21,-0.24,-13.27
PL051L1,-1.4992,0.07,-0.18,-9.93
PL052L1,0.031,0.11,0.13,7.38
PL506L2,0.6393,0.25,-0.49,-26.25
PL508L1,0.9811,0.31,-0.2,-11.56
PL511L2,0.2013,0.11,-0.36,-19.85
PL512L2,0.1807,0.54,0.03,1.48
PL513L2,0.6132,0.27,0.14,8.06
PL514L2,0.6852,0.21,-0.18,-10.2
PL516L2,-0.3104,0.01,-0.3,-16.81
PL517L2,-1.3333,0.48,-0.05,-2.71
PT001L3,-0.79,0.0,-0.25,-13.79
PT002L2,-0.7144,0.0,-0.35,-19.11
PT003L1,-0.2738,0.0,-0.22,-12.43
PT004L2,1.0289,0.07,0.25,14.18
PT005L2,-0.8533,0.0,-0.27,-15.26
PT007L1,-0.0248,0.11,-0.26,-14.7
PT008L2,-0.5857,0.03,-0.18,-10.09
PT009L1,-0.3835,0.0,-0.28,-15.81
PT014L1,-0.7625,0.0,-0.25,-14.2
PT016L0,-0.3993,0.01,-0.11,-6.01
PT019L0,-0.1282,0.16,-0.08,-4.77
PT505L1,-1.2405,0.0,-0.26,-14.35
RO001L1,-0.7296,0.01,-0.53,-27.96
RO002L1,-0.4702,0.01,-0.38,-20.89
RO003L1,-0.9073,0.0,-0.79,-38.37
RO004L1,-1.6143,0.04,-0.81,-38.96
RO005L1,-0.3212,0.04,-0.44,-23.74
RO006L1,-0.7133,0.06,-0.52,-27.63
RO007L1,0.7839,0.04,-0.71,-35.55
RO008L1,-1.1773,0.0,-0.93,-42.94
RO009L1,-1.2094,0.02,-0.38,-20.98
RO010L1,-0.3624,0.04,-0.67,-33.8
RO011L1,0.2394,0.13,-0.59,-30.45
RO012L1,1.0829,0.05,-0.74,-36.37
RO013L1,-1.6171,0.0,-1.27,-51.68
RO014L1,-2.1202,0.03,-0.89,-41.6
RO015L1,-1.3279,0.0,-0.89,-41.67
RO016L1,-2.6257,0.01,-1.17,-49.44
RO017L1,-0.2088,0.03,-0.42,-22.77
RO018L1,-0.6514,0.02,-0.98,-44.33
RO019L1,-2.1359,0.0,-1.23,-50.88
RO020L1,-0.1138,0.11,-0.65,-33.13
RO021L1,0.9627,0.05,-0.67,-33.86
RO022L1,-0.3139,0.1,-0.33,-18.35
RO501L1,-1.4128,0.0,-0.58,-29.96
RO502L1,-0.0312,0.02,-0.58,-29.94
RO503L1,-0.369,0.0,-0.98,-44.51
RO504L1,-1.7796,0.0,-1.14,-48.62
RO505L1,-0.9464,0.0,-1.36,-53.66
RO506L1,-1.7833,0.0,-1.07,-47.05
RO507L1,-0.0428,0.03,-0.45,-24.26
RO508L1,-0.7349,0.0,-1.19,-49.92
RO509L1,-0.1363,0.0,-0.84,-40.19
RO510L1,0.2949,0.02,-0.94,-43.2
RO511L1,-1.9269,0.03,-0.75,-36.96
RO512L1,-1.1067,0.02,-0.72,-35.92
RO513L1,-1.4014,0.0,-0.9,-41.98
RS001L1,-0.8361,0.0,-0.34,-18.76
RS002L1,-1.3807,0.0,-0.6,-30.97
RS003L1,-0.955,0.0,-0.72,-35.77
RS004L1,-0.5582,0.0,-0.49,-26.13
RS005L1,-2.0064,0.0,-0.78,-37.84
RS006L1,0.165,0.71,-0.04,-2.45
RS008L1,-1.6576,0.0,-0.77,-37.58
RS009L1,-0.234,0.81,-0.04,-2.52
RS011L0,0.074,0.87,-0.02,-1.41
RS012L1,-0.7225,0.09,-0.32,-17.94
RS013L1,-1.4141,0.02,-0.56,-29.43
RS014L1,-1.0555,0.05,-0.23,-12.91
RS015L1,-0.7247,0.0,-0.73,-35.99
RS016L1,-0.3553,0.01,-0.35,-19.15
SE001L1,0.3722,0.0,0.12,7.07
SE002L1,0.9136,0.52,0.04,2.53
SE003L1,-0.0856,0.1,-0.2,-11.46
SE004L1,0.5794,0.3,0.05,2.74
SE005L1,2.7044,0.22,0.1,5.64
SE006L1,0.3232,0.13,0.11,6.42
SE007L1,0.556,0.13,0.06,3.36
SE008L1,0.5435,0.01,0.14,8.25
SE501L1,0.8898,0.0,0.19,10.76
SE502L1,0.7122,0.06,0.08,4.7
SE503L1,0.6387,0.09,0.15,8.67
SE505L1,0.8177,0.16,0.07,4.18
SI001L2,0.5065,0.2,-0.12,-6.9
SI002L1,-0.7224,0.0,-0.35,-19.08
SK001L1,-0.8682,0.0,-0.35,-19.4
SK002L1,-0.9895,0.0,-0.55,-28.84
SK003L1,-0.2863,0.01,-0.48,-25.44
SK004L1,-1.0931,0.0,-0.68,-34.32
SK005L1,-0.0745,0.09,-0.26,-14.78
SK006L1,-0.3092,0.04,-0.38,-20.72
SK007L1,-1.5895,0.03,-0.66,-33.56
SK008L1,-1.0071,0.05,-0.32,-17.83
UK001L3,-0.5217,0.0,-0.18,-10.32
UK002L3,-0.7242,0.0,-0.37,-20.06
UK003L2,-0.8548,0.02,-0.5,-26.35
UK004L1,-1.2409,0.0,-0.66,-33.51
UK006L3,-0.5524,0.0,-0.19,-10.79
UK007L1,-0.4239,0.0,-0.74,-36.51
UK008L3,-1.0949,0.0,-0.25,-14.13
UK009L1,-0.4236,0.0,-0.27,-14.85
UK010L3,-0.5268,0.0,-0.3,-16.74
UK011L2,-0.7085,0.0,-0.37,-20.31
UK012L2,-0.8979,0.0,-0.46,-24.85
UK013L2,-1.3586,0.0,-0.4,-21.77
UK014L1,-0.5597,0.0,-0.35,-19.54
UK016L1,-0.9725,0.0,-0.78,-37.92
UK017L2,-1.307,0.0,-0.51,-27.11
UK018L3,-0.651,0.0,-0.49,-26.29
UK019L3,-1.1476,0.0,-0.68,-34.37
UK023L1,-0.0651,0.01,-0.2,-11.21
UK024L1,-1.2151,0.0,-0.46,-24.89
UK025L3,-0.7978,0.0,-0.48,-25.73
UK026L1,-0.5262,0.0,-0.41,-22.09
UK027L1,-2.0752,0.0,-0.64,-32.46
UK029L1,-0.9843,0.02,-0.59,-30.7
UK033L1,-0.467,0.0,-0.33,-18.47
UK050L1,-0.7376,0.01,-0.37,-20.2
UK056L1,-1.1335,0.01,-0.25,-14.03
UK515L1,0.3146,0.02,-0.24,-13.52
UK516L1,-0.1726,0.0,-0.27,-14.97
UK517L1,-0.603,0.0,-0.36,-19.56
UK518L1,-0.8244,0.01,-0.39,-21.36
UK520L2,-0.4261,0.07,-0.28,-15.41
UK528L1,-0.3845,0.0,-0.36,-19.73
UK539L1,-1.0008,0.0,-0.36,-19.62
UK546L1,-0.3399,0.11,-0.15,-8.31
UK550L0,-1.5098,0.0,-0.58,-30.07
UK551L1,-1.2484,0.0,-0.83,-39.84
UK552L0,-0.3401,0.01,-0.32,-17.86
UK553L1,-0.2372,0.01,-0.23,-12.96
UK557L1,-0.5438,0.0,-0.29,-16.19
UK558L1,-1.0012,0.0,-0.38,-20.78
UK559L2,-0.869,0.0,-0.29,-16.07
UK560L1,-1.3315,0.0,-0.5,-26.37
UK562L2,-0.3913,0.0,-0.2,-11.24
UK566L1,-1.7552,0.01,-0.45,-24.09
UK568L1,-0.6559,0.0,-0.29,-16.43
UK569L2,-0.2553,0.06,-0.3,-16.85
UK571L1,-0.9814,0.0,-0.44,-23.84
XK001L1,1.2066,0.33,-0.16,-9.17
XK002L1,-0.8801,0.11,-0.13,-7.13
XK003L1,,,,
