fua_code,slope,slope_degrees
AL001L1,-0.0022131146399219943,-0.126801921426369
AL003L1,-0.0027418721270371918,-0.15709730716591308
AL004L1,-0.0026720051539211587,-0.15309425381307942
AL005L0,-0.0011576222315085667,-0.0663268385080071
AT001L3,-0.0016266220922134006,-0.09319849854867424
AT002L3,0.002471131773227469,0.14158513303091044
AT003L3,-0.0005741182615963227,-0.03289454971671367
AT004L3,-0.0002855035520267445,-0.016358148122662886
AT005L3,-0.0014407668198913497,-0.08254980092308381
AT006L2,0.0017194532664716537,0.09851731814942703
BA001L1,,
BA002L1,-0.001503807633375122,-0.08616176564217724
BA003L1,,
BA004L1,,
BA005L1,,
BE001L2,-0.0011037916144309788,-0.06324257528484604
BE002L2,0.00045467265635882416,0.02605082247422466
BE003L2,3.9598829920601754e-05,0.0022688458269209443
BE004L2,-0.002034985374007521,-0.11659591235400456
BE005L2,-0.002318188466360218,-0.1328221773099918
BE006L2,-0.0003986258531828947,-0.022839577782425634
BE007L2,-0.0003264716534336259,-0.01870544720783896
BE008L1,-0.0016185032734364116,-0.09273332572278875
BE009L1,-0.001385542554673353,-0.07938568991893483
BE010L1,-0.002902195291823374,-0.16628307469236928
BE011L1,-0.0006771360913776289,-0.03879703426227182
BG001L2,-0.007839539629474859,-0.44916333262809605
BG002L2,-0.01104225797464828,-0.6326490658030358
BG003L2,-0.006213343083994987,-0.35599375430554847
BG004L2,-0.011348488647443934,-0.6501925919325284
BG005L1,-0.013629988856386685,-0.7808924814942929
BG006L2,-0.013245244463017133,-0.7588522316323937
BG007L2,-0.01546464897618053,-0.8859884928556068
BG008L2,-0.014147962111714724,-0.8105644384338477
BG009L1,-0.01418448321493244,-0.8126565236675867
BG010L1,-0.009806921576821283,-0.5618772038497714
BG011L1,-0.008244167014904583,-0.47234527456367664
BG013L1,-0.012678182894553558,-0.7263674555432474
BG014L1,-0.010374332776152668,-0.5943841600652383
BG015L1,-0.011233128569438642,-0.6435837888516578
BG016L1,-0.006174579328597297,-0.3537728399291867
BG017L1,-0.007310894274968659,-0.4188759236708963
BG018L1,-0.01126667989970748,-0.645505895210487
CH001L2,-0.0007374132887588799,-0.04225066154441501
CH002L2,-0.00030578353531132533,-0.017520105471864392
CH003L2,-0.003192817941217439,-0.18293437117083555
CH004L2,-0.00017224334865580194,-0.009868816829582527
CH005L2,-0.0008347576264103638,-0.047828077800482455
CH006L1,7.428541579607191e-05,0.004256240796660276
CH007L2,-0.0002690312021172864,-0.015414352066765965
CH008L2,-0.0003344532664716535,-0.01916275989868108
CH009L2,-0.0030749888563866836,-0.17618332821831392
CH010L1,-0.0006617474578632118,-0.03791533090457693
CY001L2,-0.005675635882434879,-0.3251864904194362
CY501L2,-0.0043508281097645925,-0.24928251513615513
CZ001L2,-0.001793462181362307,-0.10275770353487049
CZ002L2,-0.002472913358406465,-0.14168720971872995
CZ003L2,-0.006247698843850118,-0.35796211793634053
CZ004L2,-0.0045819598829920614,-0.2625251260219698
CZ005L2,-0.003709477643125783,-0.21253643830312657
CZ006L2,-0.00572992129823095,-0.32829671448317715
CZ007L2,0.00043619167014904547,0.024991940173287642
CZ008L2,-0.005849478339601615,-0.33514659874423436
CZ009L2,-0.004362397269814735,-0.24994536659856237
CZ010L2,-0.0034420406741886072,-0.19721362470689296
CZ011L2,-0.003482975344755538,-0.1995589804474288
CZ013L2,-0.0011694901796907645,-0.06700682092971594
CZ014L2,-0.003311388772809584,-0.18972790753682506
CZ016L2,-0.005313373032455776,-0.304430984868191
CZ018L2,-0.005560227747597158,-0.3185743000674798
DE001L1,-0.0016546824070204761,-0.09480623183122296
DE002L1,-0.000565777267028834,-0.03241664608630022
DE003L1,-0.0031445904722106144,-0.18017116848513354
DE004L1,-0.001725817662627107,-0.09888197010618775
DE005L1,-0.0019789343919765987,-0.11338444058235837
DE007L1,-0.001507337372893161,-0.0863640043609169
DE008L2,-0.003804983284580024,-0.21800843122706076
DE009L2,-0.0033433744254074377,-0.19156053014567437
DE011L1,-0.001219796629056972,-0.06988916404647846
DE012L1,-0.001061201420810697,-0.06080233980159255
DE013L1,-0.002950312021172865,-0.169039936600637
DE014L1,-0.001035087059479037,-0.05930609875647374
DE017L0,-0.0014534621813623078,-0.08327719003149803
DE018L1,-0.006412708594511771,-0.3674161013712116
DE019L2,-0.006422551190973674,-0.3679800173824946
DE020L1,-0.0018876633235826714,-0.10815501312110733
DE021L1,-0.002339525699958212,-0.134044704111129
DE025L1,-0.001755034823791614,-0.10055598505941737
DE026L1,-0.005032099874634351,-0.2883156513421825
DE027L1,-0.0018463079816130382,-0.10578553482540229
DE028L1,-0.0024000905418581978,-0.1375147944498201
DE029L0,-0.005346203510238194,-0.30631197925161663
DE030L1,-0.0035971583786042626,-0.20610110438547533
DE031L1,-0.002007673770720156,-0.11503107914755381
DE032L1,-0.005579733946232066,-0.31969188825074524
DE033L1,-0.002152594372475275,-0.12333438205004552
DE034L1,-0.0015927928680874773,-0.09126023180459726
DE035L1,-0.002123801365092631,-0.12168467178993901
DE036L0,-0.001499947764312578,-0.08594061193426304
DE037L1,-0.00265214235966012,-0.15195620759754272
DE038L1,-0.001045004178854994,-0.059874307227010634
DE039L1,-0.0011082915447833954,-0.06350040198673529
DE040L1,-0.005781544783396016,-0.3312544243218544
DE042L1,-0.00326217927287923,-0.18690844133798556
DE043L2,-0.0018996510656080232,-0.10884185768206164
DE044L1,-0.0012085144170497278,-0.06924274186783694
DE045L1,-0.0007191419417746204,-0.04120379103147483
DE048L1,-0.0005600710405348929,-0.03208970349485529
DE050L1,-0.0014454847471792726,-0.08282011768176596
DE051L1,0.00012590820448530482,0.00721400868495718
DE052L1,-0.0019472433486558023,-0.111568684549274
DE053L1,-0.001024730463852904,-0.0587127101663924
DE054L1,-0.00028349212982309584,-0.016242902128902847
DE055L0,-0.0015157473185680459,-0.08684585765310002
DE056L0,-0.006261301016854715,-0.3587414345557916
DE057L1,-0.002603833402980917,-0.14918832738354967
DE058L1,-0.0016618289455355905,-0.09521569720031223
DE059L1,-0.0014859820309235266,-0.08514043613682566
DE060L1,-0.0028367335283465663,-0.1625324228092189
DE061L1,-0.0017403921158935774,-0.09971702225884585
DE062L1,-0.002578691321911129,-0.1477478019227617
DE063L1,-0.003554536843571528,-0.20365910153722427
DE064L1,-0.004292231508566653,-0.24592523989385878
DE065L1,-0.0007481863769327197,-0.0428679136885225
DE066L1,-0.0005671987742025357,-0.03249809242176405
DE067L1,-0.0007101511352556064,-0.040688656026609676
DE069L1,-0.0004797255885220776,-0.02748624943821371
DE071L1,-0.0030252131216046796,-0.1733314152254089
DE072L1,1.775734782003036e-05,0.0010174210853266335
DE073L1,-0.0020914040952778935,-0.11982845320727337
DE074L1,-0.00220243766541301,-0.12619017883084324
DE077L1,-0.002562597854854436,-0.1468257202760128
DE078L1,-0.0035787066443794396,-0.20504391149924445
DE079L1,-0.0016452465524446301,-0.09426559865974223
DE081L1,-0.0007862675860147646,-0.0450498049630728
DE082L0,-0.0072334210892882,-0.41443727184308665
DE083L1,-0.0024592645215211033,-0.14090519372585267
DE084L1,-0.0029404652458559694,-0.16847576282755458
DE504L1,-0.0005935332218972005,-0.034006944622170486
DE505L0,-0.00275649115475693,-0.15793490942422633
DE507L1,-0.001673988020615685,-0.09591235894711939
DE508L0,-0.000816213260899847,-0.04676556464703664
DE510L1,-0.000784478339601616,-0.044947288758323586
DE513L1,-0.0024432608998467757,-0.13998825925658312
DE516L0,-0.000680413010168547,-0.03898478779229377
DE517L1,-0.0036203308260203374,-0.2074287705330997
DE520L1,-0.0015111596322607602,-0.08658300319204207
DE522L1,-0.002949105725031341,-0.16897082152424
DE523L1,-0.0019226473046385288,-0.1101594403106666
DE524L2,-0.0026881794121743972,-0.15402096389126357
DE527L1,-0.0002565642847193198,-0.014700050365665088
DE529L1,-0.000760357292101964,-0.04356525536378753
DE530L0,0.00018209987463435042,0.010433554151082856
DE532L1,-0.0016786335144170499,-0.09617852538775887
DE533L1,-0.0012388856386683382,-0.07098288207934741
DE534L1,-0.0010324307006546868,-0.05915390076961374
DE535L1,-0.004510363560384454,-0.25842304368978997
DE537L1,-0.0005950717370107257,-0.034095095013758236
DE539L1,-0.0027551149185123273,-0.15785605749463472
DE540L2,-0.000403684357152807,-0.02312940866391001
DE542L1,-0.002664192088034545,-0.15264660129944754
DE544L1,-0.0032291684078562467,-0.1850170780186396
DE546L0,-0.0002209123833402976,-0.012657347001672746
DE547L2,-0.002986341412452989,-0.17110425047059608
DE548L1,-0.0016709061150578075,-0.0957357792597026
DE549L1,-0.00036121674327900836,-0.020696193979218295
DK001L2,0.0008874745786321216,0.05084853443115064
DK002L3,-0.0007978262989274277,-0.04571207001410012
DK003L2,-0.001552097785206854,-0.08892858107412724
DK004L3,-0.0008627009332776153,-0.04942911019622082
EE001L1,-0.000722609694943585,-0.04140247854919908
EE002L1,0.00019986697311603248,0.01145153387111928
EE003L0,-0.0027651671541997496,-0.1584320037864131
EL001L1,-0.006399830059896922,-0.36667824597327486
EL002L1,-0.009755766819891348,-0.5589465325673865
EL003L1,-0.0028776041231369266,-0.1648741162803574
EL004L1,-0.0011994518735199888,-0.06872349712461726
EL005L1,-0.014450104471374844,-0.8278723815001676
EL006L1,-0.005268529739518039,-0.30186172536809874
EL007L1,-0.00201587059479036,-0.1155007206714391
EL008L1,-0.0008664020058503981,-0.0496411658758118
EL009L1,0.003215270232622928,0.18422077950257648
ES001L3,-0.006130782838835494,-0.35126358089796483
ES002L2,-0.007204785485443654,-0.4127966581004248
ES003L3,-0.005430773784649673,-0.31115735835526354
ES004L3,-0.004812573478200307,-0.2757380201337397
ES005L2,-0.00574524655244463,-0.32917475796449225
ES006L2,-0.004372342944699819,-0.2505152009249069
ES007L2,-0.0030804749965176203,-0.17649765791616592
ES008L2,-0.0021840438247011955,-0.12513629445855529
ES009L2,-0.010562257974648282,-0.6051503009617343
ES010L2,-0.006151558016436831,-0.3524538660027316
ES011L2,0.0005835798857779633,0.033436660668013464
ES012L2,-0.0077417202953057535,-0.4435590377764907
ES013L2,-0.0026633166179133587,-0.15259644091233118
ES014L3,-0.004124218554116173,-0.23629897719597168
ES015L2,-0.002839014486697312,-0.16266311104346023
ES016L2,-0.007441227886892326,-0.42634308329189513
ES017L2,-0.009154544504805684,-0.5245021117312106
ES018L2,-0.008182629196266888,-0.4688196551143728
ES019L3,-0.004456279426103915,-0.25532431334266326
ES020L2,-0.007708566652737149,-0.4416595873371009
ES021L2,-0.008408793007382643,-0.48177699520579376
ES022L2,-2.2959325811394297e-05,-0.0013154724692275256
ES023L2,-0.003471576821284302,-0.19890590105652936
ES025L3,0.0025626012708498797,0.14682591599684924
ES026L2,-0.00019258531828945572,-0.01103432579775168
ES028L1,-0.002458765148349353,-0.14087658192371785
ES031L1,0.0003003217718345164,0.017207169504685645
ES033L1,-0.0033950884524307015,-0.1945234920003578
ES034L1,-0.00816491851232762,-0.4678049754637241
ES035L1,-0.006751174258253241,-0.386807915137355
ES039L1,-0.006482978130658866,-0.3714420818402599
ES040L1,-0.004777427914751358,-0.27372437397752913
ES041L1,-0.003388257417467614,-0.19413210702954367
ES043L1,0.0003723965733389048,0.02133675097113208
ES044L1,0.0020703419696336545,0.11862168752566352
ES046L1,0.0005495800250731298,0.031488612771129874
ES048L1,-0.006563351441704972,-0.37604693740188055
ES050L1,-0.0019212174397548387,-0.11007751539017346
ES053L1,-0.007367849979105726,-0.42213906936240786
ES054L1,-0.003472155592700934,-0.1989390618162902
ES057L1,-0.002221468171054465,-0.12728054115121096
ES059L1,-0.010245683242791473,-0.5870138682119723
ES070L1,-0.004336142220364954,-0.2484410915293579
ES072L1,-0.0013310956175298819,-0.07626611596968032
ES501L3,-0.005942169522217578,-0.3404572277010122
ES505L1,-0.005652317175094022,-0.3238504697655494
ES506L1,-0.0023925463156428467,-0.137082544610117
ES508L1,-0.004903618888424571,-0.28095441476738053
ES510L1,-0.0035235875470121182,-0.20188585967539843
ES514L1,-0.012476866555230531,-0.7148347034056103
ES515L1,-0.005038719180944421,-0.2886949000410693
ES516L1,-0.007561404095277892,-0.433228285393445
ES519L1,-0.007865653294330687,-0.4506594431567998
ES520L1,0.0006828318707340845,0.03912337822953924
ES521L1,-0.003944765287644519,-0.22601722979218822
ES522L1,-0.005610934670566931,-0.3214795021065428
ES523L1,-0.004186746064911548,-0.23988147780409871
ES525L1,-0.0028913031062822126,-0.16565900366787076
ES527L1,-0.0003721277336676417,-0.0213213475947376
ES528L1,-0.0021246406184705384,-0.12173275724945849
ES529L1,-0.00294311324697033,-0.16862748080256712
ES532L1,-0.003953412731578215,-0.2265126841064013
ES533L1,-0.0008183855690207551,-0.046890028651027364
ES537L1,-0.002785910293912802,-0.1596204889901459
ES538L1,-0.006240681849839811,-0.357560089469738
ES542L1,-0.011235332915447835,-0.6437100726365546
ES543L1,-0.005534737428611227,-0.3171138573157104
ES544L1,-0.0031601664577239168,-0.18106359784827677
ES545L1,-0.005484684496447975,-0.31424612260667856
ES546L1,-0.012761738403677392,-0.7311540591083204
ES547L1,0.002443829920601756,0.14002086154963334
ES550L1,-0.0022208181096108038,-0.12724329555781524
ES552L1,-0.006187393787435577,-0.35450702628806186
FI001L3,0.0007548049867669588,0.043247131884104936
FI002L3,-0.0005359402423735896,-0.03070711101920425
FI003L4,-0.0004639350884524296,-0.02658152062925487
FI004L4,-0.002586774397972117,-0.14821092497727054
FI007L2,0.0010316924362724614,0.05911160138140263
FI008L2,0.0016429836454537748,0.09413594399020703
FI009L2,0.0009295424116600282,0.05325884172711731
FR001L1,-0.0034358733806936904,-0.19686026899755182
FR003L2,-0.0024275804429586298,-0.13908984058484108
FR004L2,-0.007848861262014208,-0.44969738996942976
FR006L2,-0.0023840667223847347,-0.13659670247568995
FR007L2,-0.0042370894274968655,-0.24276588883594905
FR008L2,-0.004835540465245857,-0.2770539009369696
FR009L2,-0.0036418240702047635,-0.20866022647645793
FR010L2,-0.0031805418581975203,-0.18223101056742763
FR011L2,-0.0036133591029391277,-0.20702932544998187
FR012L2,-0.004356535729210195,-0.24960953144300832
FR013L2,-0.0077390611505780745,-0.4434066891342433
FR014L2,-0.004294838417606909,-0.24607460202603226
FR016L2,-0.007594531968240703,-0.43512626370574364
FR017L2,-0.006573967126340716,-0.3766551450856347
FR018L2,-0.006718958072154895,-0.3849621473681577
FR019L2,-0.004823068672517064,-0.276339336515859
FR020L2,-0.008105776570553004,-0.4644166160635882
FR021L2,-0.006412542833263685,-0.3674066043418241
FR022L2,-0.006048960858058225,-0.3465757005878984
FR023L2,-0.00865483563170358,-0.49587317300167694
FR024L2,-0.007927550494497842,-0.4542056703592388
FR025L2,-0.006259594651065608,-0.35864367082944426
FR026L2,-0.004221119236662488,-0.24185088066835722
FR027L2,-0.001423073547847889,-0.08153605318782685
FR032L2,-0.0013081362306727956,-0.07495064229336662
FR034L2,-0.0023800961136648557,-0.13636920464483698
FR035L2,-0.006758790917955146,-0.38724429768021573
FR036L2,-0.004942244741607467,-0.283167459500868
FR037L2,-0.007254978409249198,-0.41567235047942935
FR038L2,-0.005976683382086641,-0.3424346559781213
FR039L1,-0.0021838076333751217,-0.12512276175695833
FR040L2,-0.004856542693968521,-0.27825721174440826
FR042L2,-0.005471487672377768,-0.3134900229746068
FR043L2,-0.002804089009611366,-0.16066204453995717
FR044L2,-0.003907622231508566,-0.22388912224239774
FR045L2,-0.007411919487393789,-0.42466392830857425
FR046L2,-0.006864644797325533,-0.3933089968085558
FR047L0,-0.0014914333472628501,-0.08545277286364238
FR048L2,-0.0019304018665552303,-0.11060374233143866
FR049L2,-0.006179756929934531,-0.3540694833146687
FR050L2,-0.005818612620142081,-0.3333781834776438
FR051L2,-0.007676902075497981,-0.43984544805881026
FR052L2,-0.0036172663323582673,-0.20725319027926548
FR053L2,-0.008876851929238056,-0.5085927924055186
FR056L2,-0.006040936759994429,-0.34611597043363246
FR057L2,-0.0022433005989692155,-0.12853144089329108
FR058L2,-0.0020906567767098485,-0.11978563519459047
FR059L2,-0.007903440590611504,-0.4528243611681761
FR060L2,-0.00823113525560663,-0.47159866042069587
FR061L2,-0.00834081278729628,-0.47788228867026655
FR062L2,-0.00344717579050007,-0.19750784170786734
FR063L2,-0.003157439058364674,-0.18090733093518227
FR064L2,-0.00435657612480847,-0.24961184589637309
FR065L2,-0.005853155035520265,-0.335357250690644
FR066L2,-0.004673945535589915,-0.2677954028093625
FR067L2,-0.006679605098203091,-0.38270748923962156
FR068L2,-0.005089495751497423,-0.2916041086240889
FR069L2,-0.005700129544504806,-0.3265898284799859
FR073L2,-0.006906753726145703,-0.39572154632355316
FR074L2,-0.0060501358127872966,-0.3466430180713728
FR076L2,-0.005829582114500626,-0.3340066678895143
FR077L2,-0.004907764312578353,-0.28119192435982276
FR079L2,-0.005933105585736177,-0.3399379207033053
FR082L2,-0.0036588946928541584,-0.20963828807511325
FR084L2,-0.006772329015183174,-0.38801993801077667
FR086L2,-0.006762131216046805,-0.38743567391655553
FR090L2,-0.004995536982866696,-0.2862208046183786
FR093L2,-0.007845437386822677,-0.44950122845056106
FR096L2,-0.006344378047081766,-0.36350120867377644
FR099L2,-0.0006654380832985101,-0.03812678807266661
FR104L2,-0.006742299066722388,-0.38629942726585287
FR203L2,-0.0015713790221479318,-0.09003331188014041
FR205L2,-0.001384690764730465,-0.07933688604380823
FR207L2,-0.0032783737289316063,-0.18783630539804097
FR208L1,-0.004397444630171333,-0.2519533939084554
FR209L2,-0.0049511840089148905,-0.28367962925673396
FR214L1,-0.0020917725309931743,-0.11984956292643127
FR215L2,-0.004799937317175093,-0.27501403816180625
FR304L1,-0.003849697729488787,-0.22057034267492584
FR324L1,-0.000602776152667502,-0.034536525356158414
FR505L1,-0.004569155174815435,-0.2617914856448569
FR506L1,-0.004545999442819335,-0.2604647874875289
FR519L1,-0.0008077204346009194,-0.046278961864785736
HR001L2,-0.0026581452848586165,-0.15230014745144496
HR002L2,-0.0029885575985513302,-0.1712312274473955
HR003L2,-0.00720442540743836,-0.41277602822124754
HR004L2,-0.006692620142081071,-0.38345316298932147
HR005L2,-0.004865669313274829,-0.27878011615546366
HR006L1,-0.003113254631564285,-0.17837577464593762
HR007L1,-0.002220666527371501,-0.12723461057808574
HU001L2,-0.0031608671124111983,-0.18110374200375945
HU002L2,-0.007545743139713051,-0.43233102993068934
HU003L2,-0.00415650020894275,-0.23814854806666316
HU004L2,-0.005216492547708594,-0.29888029584175735
HU005L2,-0.006213374425407439,-0.355995549966883
HU006L2,-0.0032382518456609568,-0.18553751522616543
HU007L2,-0.004844440729906673,-0.2775638365930781
HU008L2,-0.005454294469981893,-0.31250495443860976
HU009L2,-0.009916979384315364,-0.5681824384803495
HU010L1,-0.005219504805683243,-0.29905288081145015
HU011L1,-0.008113344476946647,-0.4648501966452772
HU012L1,-0.007904694247109626,-0.4528961859072787
HU013L1,-0.010493258113943445,-0.6011973382793625
HU014L1,-0.005741523889121047,-0.3289614721030515
HU015L1,-0.007305263964340437,-0.4185533478626878
HU016L1,-0.003278054743000418,-0.1878180290468701
HU017L1,-0.002382994846078841,-0.1365352888361065
HU018L1,-0.007061450062682825,-0.4045845611782981
HU019L1,-0.0049172670288340995,-0.2817363767560169
IE001L1,-0.0050693014347402135,-0.29044708935522257
IE002L1,-0.0029004130101685484,-0.16618095833521537
IE003L1,-0.007460780749407994,-0.42746331759883743
IE004L1,-0.0029889566792032315,-0.17125409288018542
IE005L1,-0.006468396712634071,-0.3706066631610256
IS001L1,0.001252249357326478,0.0717485655691369
IT001L3,-0.006196911826159632,-0.3550523488270189
IT002L3,-0.00397703579885778,-0.22786616487982808
IT003L3,-0.0033201915308538796,-0.190232262875718
IT004L2,-0.006774416353252541,-0.3881395281859412
IT005L3,-0.004588678088870317,-0.26291004277175983
IT006L3,-0.004135961136648558,-0.23697176613946067
IT007L3,-0.00502851859590472,-0.2881104643777681
IT008L3,-0.004702877141663185,-0.2694530252952474
IT009L1,-0.00579111366485583,-0.3318026624882643
IT010L2,-0.004648038724056274,-0.2663110840945249
IT011L2,-0.003426765566234852,-0.1963384358125153
IT012L3,-0.004748523471235547,-0.2720683089244024
IT013L3,-0.0022450529321632537,-0.1286318416839587
IT014L3,-0.0016408900961136647,-0.09401599277219966
IT015L1,-0.0016740841342805406,-0.09591786583903666
IT016L3,-0.005395975762641036,-0.30916363698422644
IT017L3,-0.0038050313414124525,-0.21801118464087152
IT019L2,-0.003113311742582531,-0.17837904683453104
IT020L3,-0.0043481480707619445,-0.2491289631172773
IT021L2,-0.002659901796907648,-0.15240078746695254
IT022L2,-0.007370557180665832,-0.42229417216321036
IT023L2,-0.003830779356456331,-0.2194864157300833
IT024L3,-0.0036403809722802623,-0.20857754415213142
IT025L3,-0.004489012397269815,-0.25719973692419906
IT026L3,-0.0037433542276083024,-0.21447739666561877
IT027L2,-0.009681157542833262,-0.5546721395914536
IT028L3,-0.004295249338347961,-0.24609814561589088
IT029L3,-0.003813113943446162,-0.21847427690586277
IT030L3,-0.0037598920462459957,-0.2154249305396574
IT031L3,-0.007495799554255465,-0.42946963511703157
IT032L3,-0.0031627677949575147,-0.1812126420031745
IT033L2,-0.005072645215211033,-0.29063866893739365
IT034L1,-0.001850827413288759,-0.1060444783013561
IT035L2,-0.002926093467056693,-0.16765232764321616
IT036L2,-0.001987509402423735,-0.11387575055785167
IT037L1,-0.0067488201699401045,-0.38667304195756547
IT038L1,-0.00649986349073687,-0.3724095009426327
IT039L2,-0.003733051957097088,-0.2138871282944354
IT040L2,-0.002577730185262571,-0.1476927332153151
IT041L2,-0.004162971165900544,-0.23851930017448192
IT042L1,-0.0026880206156846363,-0.15401186558834204
IT043L2,-0.0015989155871291266,-0.09161103687141399
IT045L2,-0.004116443794400334,-0.23585352384004707
IT046L2,-0.0032383730324557747,-0.1855444586452279
IT047L1,-0.00419532246831035,-0.24037286089121865
IT048L2,-0.003603937177879927,-0.20648949593904928
IT052L1,-0.006245620559966567,-0.3578430456874724
IT054L1,-0.01010738612620142,-0.5790908476478885
IT056L1,-0.000932266332358268,-0.05341491075160793
IT057L2,-0.0069757138877280965,-0.3996724821762383
IT058L2,-0.0023739538932999035,-0.1360172833295297
IT060L1,-0.0040979662905697165,-0.2347948587134091
IT061L0,-0.005286346287783814,-0.3028825099589608
IT064L1,-0.004919870455495194,-0.28188553850740083
IT065L0,-0.0046095556484189995,-0.2641062135191337
IT066L1,-0.0034000814876723765,-0.19480956854431675
IT067L0,-0.004562711380415101,-0.2614222911185429
IT068L1,-0.002153390444351581,-0.12337999339732116
IT069L1,-0.004115674885081486,-0.23580946932761795
IT073L1,-0.0036059639225518875,-0.2066056183458149
IT501L2,-0.0030610809304917113,-0.17538647026345908
IT502L2,-0.005094773645354506,-0.29190650182581107
IT503L3,-0.0024729920601755124,-0.1416917189703603
IT504L3,-0.005472530296698705,-0.3135497591591407
IT505L3,-0.0030345542554673366,-0.17386661785833737
IT506L2,-0.0048639399637832575,-0.2786810340732022
IT507L2,-0.004540793285972977,-0.26016650283007636
IT508L3,-0.002052663323582674,-0.11760878002411049
IT509L3,-0.003126486975901936,-0.17913392475001264
IT511L2,-0.003369278451037749,-0.19304470476748795
IT512L3,-0.003252901518317315,-0.1863768707990311
IT513L3,-0.005675692296977295,-0.3251897226305001
IT514L2,-0.004605261178437108,-0.26386016373712307
IT515L2,-0.006158730324557737,-0.35286479341911137
IT516L2,-0.0038738619584900405,-0.22195483036447733
IT518L1,-0.002099179551469565,-0.12027395207499232
IT519L1,-0.003743247666805961,-0.2144712912669338
IT520L1,-0.008158055439476251,-0.46741177654578014
IT521L1,-0.005531151274550773,-0.31690839211336636
IT522L1,-0.004330118400891491,-0.24809595857720337
IT523L1,-0.0031078186376932715,-0.17806431815314838
IT524L0,-0.009281477225240283,-0.5317742029623354
IT525L0,-0.002744341133862655,-0.1572387697721467
IT526L1,-0.0025147158378604267,-0.1440823004689397
LT001L1,0.000585979245020197,0.03357413377911781
LT002L1,0.0007683138320100302,0.044021131253718
LT003L1,-0.0007587937038584763,-0.04347566840822707
LT004L0,-0.0008186195849004048,-0.046903436764287626
LT501L0,-3.466011979384302e-05,-0.001985878580809822
LT502L0,-0.0013937804708176623,-0.0798576868344826
LU001L1,-0.0017699275665134426,-0.1014092737121319
LV001L1,0.002607623624460232,0.14940548960324138
LV002L2,9.214027023262245e-05,0.005279248592584185
LV003L1,0.0024215559270093336,0.1387446632764737
LV501L1,0.00011781097645911678,0.006750071700193447
ME001L1,-0.008095510516785068,-0.46382845310594
MK001L1,-0.010198169661512746,-0.5842918249559194
MK003L1,-0.0064827294887867416,-0.37142783630907944
MK004L1,-0.002351120629614153,-0.134709040989946
MK005L1,-0.008764736732135396,-0.5021695645673004
MT001L1,-0.0013961498815991083,-0.07999344380801893
NL001L3,-0.0024446872823513026,-0.14006998446591837
NL002L3,-0.0018173464270789803,-0.10412616555074324
NL003L3,-0.0016268282490597575,-0.0932103104346312
NL004L3,-0.0017655787714166316,-0.10116010688575204
NL005L3,-0.0004010871987742024,-0.02298060247418286
NL006L3,-0.0004514110600362167,-0.025863946808819684
NL007L3,-0.002008794400334308,-0.11509528623589464
NL008L3,-0.0007337574871151963,-0.042041199652832054
NL009L3,-0.0011102611784371086,-0.06361325354341678
NL010L3,-0.001441031480707619,-0.08256496483937535
NL012L3,-0.0017929126619306316,-0.1027262184919159
NL013L3,3.2202953057529476e-05,0.0018450932974165436
NL014L3,-0.0005315816966151272,-0.030457384813577296
NL015L3,-0.0006230477782420953,-0.03569800350909016
NL016L3,-0.0010105975762641037,-0.05790295619384845
NL020L3,-0.0009365726424293081,-0.053661643928520276
NL026L0,-0.0011168157124947765,-0.06398880021592875
NL028L3,0.0009344720713191248,0.053541290174673566
NL030L0,-0.0005522377768491433,-0.03164089068467232
NL032L3,0.0007231181223011559,0.041431609275755135
NL503L3,-0.00037598551330268845,-0.021542382055190247
NL504L3,-0.0030186314249895526,-0.17295431523101046
NL505L3,-0.00017581000139295117,-0.01007317097222082
NL507L3,-0.0013713866833820873,-0.07857461977979528
NL511L3,0.00018248363281794176,0.01045554187462559
NL512L3,-0.0010986161025212432,-0.06294604065519187
NL513L3,-0.0007577970469424704,-0.043418564206153004
NL514L3,-0.00145161582393091,-0.08317140176640578
NL515L3,-0.00015873380693689918,-0.009094777127143473
NL519L3,-0.0008397799136369969,-0.04811583346034821
NL520L3,-0.0031300299484607885,-0.17933692013805227
NL521L3,-0.00029904373868226746,-0.017133943605560392
NL522L3,-0.004280918651622789,-0.2452770728466389
NL524L3,-0.0013802946092770574,-0.07908500537166098
NL529L3,-0.0020956324000557178,-0.12007071616374272
NO001L1,-0.00022601267586014787,-0.012949572222749263
NO002L1,-0.0020558698983145283,-0.11779250244762818
NO003L1,0.0004194762501741186,0.02403421733126137
NO004L1,-0.002350317592979524,-0.1346630306342351
NO005L1,0.00021787435575985504,0.012483280851647585
NO006L1,-0.0025746001829826163,-0.14751339848498524
PL001L2,-9.866067697450771e-05,-0.005652840376201383
PL002L2,-0.0006139796629056976,-0.03517843897094449
PL003L2,0.0010501239726981464,0.06016764948428868
PL004L2,-0.006301368575010447,-0.3610370459594721
PL005L2,-0.005379651065608023,-0.308228327893077
PL006L2,9.660119793843117e-05,0.005534840920563315
PL007L2,-0.0011922189720016717,-0.06830908298660722
PL008L2,-0.005419480429029111,-0.3105103157854314
PL009L2,-0.002261010586432651,-0.1295461432833707
PL010L2,-0.003962362446023123,-0.22702545693941645
PL011L2,-0.0033239915029948455,-0.1904499828388413
PL012L2,0.00024311533639782834,0.013929482436064485
PL013L2,-0.0035411136648558312,-0.20289001972965853
PL014L2,0.0007104373868226769,0.04070505702500723
PL015L2,0.0013612752472489222,0.07799527824610349
PL016L2,-0.0007688361888842453,-0.04405106008033099
PL017L2,-0.0023932894553558982,-0.1371251231354564
PL018L2,0.0015489462320657473,0.08874801081434307
PL019L2,-0.0002246796211171478,-0.012873193815994036
PL020L2,-0.00026646120629614164,-0.01526710216340425
PL021L2,-0.0011454325114918513,-0.06562841992372553
PL022L2,-0.0017866353252542128,-0.10236655474588323
PL024L2,-0.002659393369550077,-0.15237165693123614
PL025L2,-0.0013933402980916562,-0.07983246684400318
PL026L2,-0.0017244727677949577,-0.0988049135377467
PL027L2,0.00025014138459395456,0.014332045319870259
PL028L2,-0.0006887860426243209,-0.03946452698889038
PL029L1,0.0006896357431397131,0.03951321121914687
PL030L1,-0.0029604638529043036,-0.1696215886328367
PL031L1,-0.0049409144727677965,-0.2830912425718942
PL032L1,-0.0015847833960161578,-0.09080132401718212
PL033L1,-0.003452176486975902,-0.1977943571009486
PL034L1,-0.0034226807354784798,-0.1961043949951515
PL035L1,-0.0017865078219013232,-0.10235924936520646
PL036L1,-0.003810592004457445,-0.2183297825451552
PL037L1,-0.0060253886335144185,-0.34522516083163535
PL038L1,-0.004654368992895945,-0.26667377393589775
PL039L1,-0.00012995403259506935,-0.0074458175564878935
PL040L1,-0.00230049589079259,-0.1318084728074251
PL041L1,-0.0014894567488508146,-0.08533952236841816
PL042L1,-0.0025940298091656215,-0.1486266266278543
PL043L1,-0.001888946928541579,-0.10822855800557607
PL044L1,-0.003990883827831174,-0.22865958590143828
PL045L1,-0.0001286418721270366,-0.007370636300882594
PL046L1,0.00018811881877698797,0.010778414235763142
PL047L1,-0.0020011972419557043,-0.11466000287435299
PL048L1,-0.0026001177044156568,-0.1489754349791582
PL049L1,-0.0023591140827413297,-0.1351670295775971
PL051L1,-0.0017509353670427635,-0.10032110421119082
PL052L1,0.0012957835353113237,0.07424288618326952
PL506L2,-0.004931526675024378,-0.2825533744881187
PL508L1,-0.0020462473882156295,-0.11724117554998842
PL511L2,-0.003610620559966569,-0.20687242054269436
PL512L2,0.00025803872405627494,0.014784529511227804
PL513L2,0.001415885917258672,0.08112423312015297
PL514L2,-0.0017986251567070628,-0.10305351927762006
PL516L2,-0.0030215810001392954,-0.17312331189702165
PL517L2,-0.00047389678228165457,-0.027152283516965685
PT001L3,-0.002454848864744393,-0.14065219675614424
PT002L2,-0.0034656198634907378,-0.1985645966225148
PT003L1,-0.00220448600083577,-0.12630753923578106
PT004L2,0.0025269216757741347,0.14478163902284139
PT005L2,-0.0027272886195849003,-0.15626173998672674
PT007L1,-0.0026234790528233136,-0.15031393251604214
PT008L2,-0.0017787512188327066,-0.10191483015827989
PT009L1,-0.002831622788689235,-0.16223960134877197
PT014L1,-0.0025304924084134273,-0.144986225624642
PT016L0,-0.0010534210892882017,-0.06035656014048347
PT019L0,-0.0008343104889260341,-0.047802458727610596
PT505L1,-0.00255834726284998,-0.14658218089037475
RO001L1,-0.005307824905975761,-0.3041131096015471
RO002L1,-0.0038176089984677526,-0.2187318208382159
RO003L1,-0.007918034545201283,-0.45366048084838484
RO004L1,-0.008086662487811674,-0.46332153157472145
RO005L1,-0.004398039420532107,-0.25198747222674356
RO006L1,-0.005234759715837861,-0.2999268988994251
RO007L1,-0.007146808051260619,-0.40947496685639206
RO008L1,-0.009306848446858895,-0.533227741323325
RO009L1,-0.003834855133026884,-0.21971993709527116
RO010L1,-0.006694413567349214,-0.38355591408448364
RO011L1,-0.0058791698008079105,-0.33684773565620324
RO012L1,-0.007364242013388694,-0.4219323593699959
RO013L1,-0.012653571528067975,-0.7249575542982705
RO014L1,-0.008879139155871291,-0.5087238305101259
RO015L1,-0.008901543390444354,-0.5100073971435747
RO016L1,-0.011683091656219528,-0.6693613899290863
RO017L1,-0.004196612341551748,-0.24044676388291106
RO018L1,-0.009768701072572784,-0.5596875400382685
RO019L1,-0.012296303106282212,-0.7044907669187797
RO020L1,-0.0065268247666805945,-0.37395420273251134
RO021L1,-0.006708733110461069,-0.38437632662371707
RO022L1,-0.0033169682407020477,-0.1900475839877356
RO501L1,-0.005763469146120629,-0.3302188011028613
RO502L1,-0.0057593035241677104,-0.32998013646804425
RO503L1,-0.009831790639364815,-0.563301958799367
RO504L1,-0.011351315642847195,-0.6503545459748731
RO505L1,-0.013594770859451176,-0.7788750127378689
RO506L1,-0.010743737289316062,-0.6155471198354885
RO507L1,-0.0045066165204067435,-0.25820835847719575
RO508L1,-0.011883424571667365,-0.6808380269677958
RO509L1,-0.008446284997910574,-0.4839249754714462
RO510L1,-0.00938958002507313,-0.5379674973816939
RO511L1,-0.007525485443655103,-0.43117041535000905
RO512L1,-0.007243520685332218,-0.41501590575340064
RO513L1,-0.008996307981613034,-0.5154365734745621
RS001L1,-0.0033970838556902075,-0.19463781886697648
RS002L1,-0.006001537122161859,-0.3438586193127035
RS003L1,-0.007203485165064772,-0.412722159097166
RS004L1,-0.004905667920323166,-0.28107181282318555
RS005L1,-0.007768085387937039,-0.4450695554703517
RS006L1,-0.00042859799414960424,-0.024556854668877852
RS008L1,-0.007694194873937873,-0.44083619390432766
RS009L1,-0.0004394337651483482,-0.025177698497921844
RS011L0,-0.00024560036216743293,-0.014071863916142296
RS012L1,-0.0032374063240005577,-0.18548907091140543
RS013L1,-0.005641418721270375,-0.3232260542690527
RS014L1,-0.0022914765287644526,-0.13129170415348898
RS015L1,-0.007264062543529739,-0.41619280560591393
RS016L1,-0.0034724961693829224,-0.19895857518749507
SE001L1,0.0012399498537400751,0.0710438570177851
SE002L1,0.00044128708733806945,0.025283886016879187
SE003L1,-0.0020268184983981063,-0.1161279867797677
SE004L1,0.00047776640200585067,0.027373996345283157
SE005L1,0.000987574781798152,0.05658384855510843
SE006L1,0.0011258218414821,0.064504812747838
SE007L1,0.0005869027719738127,0.033627047957628685
SE008L1,0.0014496761387379857,0.08306026622513797
SE501L1,0.001899482518456609,0.10883220067648257
SE502L1,0.0008230122579746484,0.04715511822265457
SE503L1,0.0015240012536564985,0.08731877220559954
SE505L1,0.0007301636718205878,0.04183528931442146
SI001L2,-0.001210895667920323,-0.06937917729302609
SI002L1,-0.003458284580025073,-0.19814432087545436
SK001L1,-0.003521906254352973,-0.20178952989733118
SK002L1,-0.005506475832288619,-0.3154946364733819
SK003L1,-0.004757383340298093,-0.27257593056126134
SK004L1,-0.0068271827552583925,-0.39116268049682745
SK005L1,-0.0026388347959325816,-0.15119374569653798
SK006L1,-0.0037831313553419697,-0.2167564259300062
SK007L1,-0.006633526257138879,-0.380067483100575
SK008L1,-0.0032159486000835767,-0.18425964669313832
UK001L3,-0.0018206010586432652,-0.10431264158625984
UK002L3,-0.003651827552583925,-0.20923337617470078
UK003L2,-0.004953099317453686,-0.28378936566132884
UK004L1,-0.006620345452012815,-0.37931231176059316
UK006L3,-0.0019061457027441146,-0.10921397163199442
UK007L1,-0.0074022078283883545,-0.42410752176251515
UK008L3,-0.0025172962808190555,-0.14423014802382592
UK009L1,-0.002651535032734364,-0.15192141057261355
UK010L3,-0.003007180665830896,-0.172298241014587
UK011L2,-0.003700719459534753,-0.21203463823575153
UK012L2,-0.004631354645493801,-0.26535517738545117
UK013L2,-0.003994391976598413,-0.22886058481554955
UK014L1,-0.003549758322886196,-0.20338531592419842
UK016L1,-0.007791356734921298,-0.446402824741205
UK017L2,-0.005118778381390167,-0.2932818360213517
UK018L3,-0.004940881738403677,-0.2830893670767706
UK019L3,-0.006839759715837861,-0.3918832536090048
UK023L1,-0.001981328179412173,-0.11352159396170074
UK024L1,-0.004640004178854992,-0.26585074849221496
UK025L3,-0.004818818776988439,-0.276095841097896
UK026L1,-0.004058510238194734,-0.2325342310351901
UK027L1,-0.006360123972698148,-0.36440334735382174
UK029L1,-0.005937891767655661,-0.3402121390665205
UK033L1,-0.003340668616798997,-0.1914055004637839
UK050L1,-0.0036802075497980227,-0.2108594083841923
UK056L1,-0.0024991614430979257,-0.14319110489711961
UK515L1,-0.002404258253238613,-0.13775358534421725
UK516L1,-0.0026743007382643816,-0.15322578016760835
UK517L1,-0.003553093745647026,-0.20357641916097186
UK518L1,-0.003910397687700237,-0.22404814173852886
UK520L2,-0.0027570775874077164,-0.1579685092847308
UK528L1,-0.003587347123554812,-0.2055389681333834
UK539L1,-0.003564770859451177,-0.20424546002476504
UK546L1,-0.0014609548683660683,-0.0837064884624274
UK550L0,-0.005789027023262292,-0.33168311073956036
UK551L1,-0.00834398035938153,-0.47806376455213545
UK552L0,-0.0032220504248502576,-0.18460925187700225
UK553L1,-0.0023007591586571953,-0.13182355686511021
UK557L1,-0.0029032483632817937,-0.16634341073408335
UK558L1,-0.0037954206714027024,-0.2174605417632531
UK559L2,-0.0028813560384454663,-0.16508908341024733
UK560L1,-0.0049572670288341,-0.2840281520705315
UK562L2,-0.0019881759297952365,-0.11391393961226388
UK566L1,-0.004470357292101965,-0.2561308995807145
UK568L1,-0.0029490486140130935,-0.16896754933238917
UK569L2,-0.0030294295862933565,-0.17357299864250228
UK571L1,-0.004418324279147514,-0.2531496864291616
XK001L1,-0.0016148309859154934,-0.09252291969660166
XK002L1,-0.0012509116868644652,-0.0716719228173416
XK003L1,,
